tempid,latitude,longitude
170023,40.71007644,-74.01226648
170024,40.71011368,-74.01235235
170507,40.70807232,-74.01779961
170505,40.70819667,-74.01770609
170510,40.70793564,-74.01785188
174238,40.70824405,-74.00030329
170022,40.71003947,-74.01218125
202192,40.70648572,-74.00659163
202190,40.70624547,-74.00626875
202191,40.70628634,-74.00632368
170464,40.70859119,-74.01814005
170538,40.70811787,-74.01746459
170460,40.70868098,-74.01836049
170462,40.70860048,-74.01826841
170461,40.70863314,-74.01832189
174237,40.70816902,-74.00024469
170463,40.70858647,-74.01820581
170465,40.70861933,-74.01807269
171296,40.70652195,-74.01587401
171297,40.70649277,-74.01591995
171302,40.70630501,-74.01594807
171299,40.70641835,-74.01594654
171298,40.70645044,-74.01589956
171300,40.70637601,-74.01592616
171309,40.7054728,-74.01627237
171310,40.70540017,-74.01630065
171312,40.70523569,-74.0163647
171304,40.70620417,-74.01596915
171313,40.70516464,-74.01639237
171307,40.70574649,-74.01616578
171308,40.70554333,-74.0162449
171301,40.70634763,-74.01597181
171303,40.70625869,-74.01599245
171315,40.7049857,-74.01617509
171314,40.70500184,-74.01636453
169934,40.70218457,-74.01288765
169936,40.70211131,-74.01286874
170697,40.70695476,-74.01646687
170459,40.7088087,-74.01833042
171311,40.70533438,-74.01632627
169935,40.70214417,-74.01287723
170701,40.70683661,-74.01651289
171305,40.70597465,-74.01607693
171306,40.70584149,-74.01612879
202416,40.70750208,-74.00699663
202418,40.70762288,-74.00690301
169939,40.70192734,-74.01282109
169940,40.70185852,-74.01280242
202419,40.70768481,-74.00686335
274294,40.70513292,-74.00768555
202417,40.70755996,-74.0069455
169937,40.70206606,-74.01285707
169938,40.70199442,-74.01283857
202193,40.70652256,-74.00664114
202194,40.70656938,-74.00670407
169941,40.70178954,-74.01278256
273768,40.7027278,-74.01274439
274607,40.70223939,-74.00974624
275125,40.70440175,-74.00657119
274604,40.70216222,-74.00993235
275127,40.70449923,-74.00668766
274606,40.70221847,-74.00979284
274611,40.70233254,-74.00953874
275129,40.70459995,-74.00680801
274603,40.70213805,-74.00999712
274605,40.70218638,-74.00986758
275124,40.70434733,-74.00650616
275114,40.70393164,-74.0073529
275126,40.70445049,-74.00662943
273770,40.70277592,-74.01254424
275113,40.70394917,-74.00732753
274306,40.70385022,-74.00880094
274307,40.70380185,-74.00874652
275103,40.70410195,-74.00750989
276182,40.7064502,-74.00476369
274609,40.70228317,-74.0096487
274610,40.7023066,-74.00959652
275128,40.70454918,-74.00674735
274994,40.70499358,-74.00527089
274996,40.70506751,-74.00515466
274995,40.70503055,-74.00521277
274997,40.70510447,-74.00509654
273769,40.70274781,-74.01266117
273659,40.70307912,-74.01383121
273657,40.70309003,-74.01399761
273658,40.70308406,-74.01391793
277591,40.70992042,-74.00233727
273660,40.70307103,-74.01362519
277596,40.71032502,-74.0028475
276137,40.70846935,-74.00310603
274293,40.70518268,-74.00761436
277592,40.71007886,-74.00253706
277594,40.71017728,-74.00266119
277600,40.71061891,-74.00321813
279048,40.71155705,-74.01551679
277216,40.70766672,-74.00804115
277217,40.7076238,-74.00802731
279053,40.71141655,-74.01517377
277590,40.70983923,-74.00223487
273687,40.70294864,-74.01424598
277597,40.71037492,-74.00291044
277588,40.7095992,-74.00193218
277230,40.70763503,-74.00787436
275109,40.70400931,-74.00739931
275110,40.70399178,-74.00742468
277599,40.71057059,-74.00315719
279049,40.71152322,-74.01543421
277595,40.71022679,-74.00272362
277232,40.70769653,-74.00791901
275111,40.70397924,-74.00736342
284527,40.70972675,-74.01642047
277313,40.70788787,-74.00424521
284525,40.7096736,-74.01644798
284518,40.70942217,-74.01657955
277219,40.70748478,-74.0077568
170720,40.70614134,-74.01678371
284925,40.70991994,-74.01535667
276181,40.70640616,-74.00471371
275102,40.70411287,-74.00756921
277593,40.71012797,-74.002599
279050,40.7114959,-74.01536751
275106,40.70405354,-74.0074984
275117,40.70389106,-74.00725818
284520,40.70948236,-74.01654808
277589,40.70967842,-74.00203208
274295,40.70508279,-74.00775727
284523,40.70960833,-74.01648216
276131,40.70775847,-74.00391461
275105,40.70407107,-74.00747303
277302,40.70851838,-74.00478898
277228,40.7074242,-74.00768216
277221,40.70744062,-74.00768779
284816,40.70996199,-74.01618547
277231,40.70766866,-74.00789878
277218,40.707589,-74.00791968
276138,40.70864272,-74.00289507
277306,40.70823218,-74.00452025
284926,40.70992766,-74.01542598
277311,40.7080497,-74.00437449
275799,40.70428804,-74.00849505
279052,40.71144126,-74.01523411
279047,40.71158567,-74.01558667
276139,40.70871688,-74.00280389
276141,40.70917952,-74.00221298
275800,40.70442063,-74.00830249
277314,40.70769883,-74.00409421
279135,40.7112018,-74.0160558
275798,40.7042641,-74.00852982
276136,40.70839686,-74.00318888
276140,40.70905387,-74.00237944
279134,40.71126747,-74.01602966
277304,40.70831755,-74.00458845
275803,40.70451638,-74.00816342
275101,40.7041304,-74.00754384
275932,40.7064656,-74.00635395
276220,40.70840054,-74.00194848
274998,40.70514144,-74.00503842
275938,40.70552674,-74.00573224
276132,40.70778928,-74.003842
276183,40.70649632,-74.00481602
277315,40.70762237,-74.00403313
274308,40.70371552,-74.00864942
276135,40.70828764,-74.00335912
275937,40.70554607,-74.00575523
275801,40.70444088,-74.00827307
283671,40.70856972,-74.01717704
275933,40.70653503,-74.00644634
278220,40.71513263,-74.01578568
277437,40.70952611,-74.00510949
275107,40.70403978,-74.00743569
275116,40.70390279,-74.00731846
278219,40.71524992,-74.01569204
279051,40.71146338,-74.01528811
283673,40.70864176,-74.01708676
276242,40.7063464,-74.00477292
275112,40.70396171,-74.00738879
276219,40.70846495,-74.00201589
283674,40.70867976,-74.01709867
275941,40.70546723,-74.00586967
275943,40.70542707,-74.00592796
276130,40.70763493,-74.00403479
275935,40.70558475,-74.00569908
275939,40.70550702,-74.00581192
277233,40.70814737,-74.00551623
275802,40.70446666,-74.00823563
278218,40.71535689,-74.01560664
275936,40.70556542,-74.00567608
274608,40.70226142,-74.00969716
274310,40.70355372,-74.00846742
275108,40.70402225,-74.00746105
275115,40.70392032,-74.0072931
274309,40.7035925,-74.00851104
278243,40.71541395,-74.01651144
275944,40.70540774,-74.00590497
277227,40.70739297,-74.00765948
275934,40.70560521,-74.00561833
276243,40.70630754,-74.00483739
278347,40.7172329,-74.01607563
275942,40.7054479,-74.00584668
170709,40.70656976,-74.01661684
278226,40.71419253,-74.01651469
278222,40.71455674,-74.01623134
276122,40.70587081,-74.00404968
277312,40.70795776,-74.00430105
276125,40.70604699,-74.00424734
283651,40.70944689,-74.01747653
283652,40.70942871,-74.01739784
277310,40.7081468,-74.00445206
277307,40.70820456,-74.00453829
277309,40.70815437,-74.0044982
275130,40.70464869,-74.00686625
276134,40.70807639,-74.00360056
283648,40.70949459,-74.01768292
278242,40.71527201,-74.01619513
273859,40.70258519,-74.01297441
274407,40.70402946,-74.00847261
274408,40.70400009,-74.00843731
278109,40.71525876,-74.01397246
278111,40.71528292,-74.01412429
273850,40.70295814,-74.01307661
277909,40.71553196,-74.0152237
273849,40.70297904,-74.01304734
277910,40.71551924,-74.01513876
274406,40.70407604,-74.00852859
283675,40.70869823,-74.01704654
273855,40.70280385,-74.01299934
273856,40.70268402,-74.0129665
278110,40.71527337,-74.01406426
278112,40.7152936,-74.01419137
284528,40.70974377,-74.01637486
273853,40.70286565,-74.01301627
273860,40.7025588,-74.01293219
273862,40.70248894,-74.01291304
278305,40.71629052,-74.01627213
284526,40.70969013,-74.01640257
284521,40.70950739,-74.01649811
277913,40.71548192,-74.01488959
283676,40.70875469,-74.01700633
283672,40.70858529,-74.01712698
273858,40.70261792,-74.01294838
273851,40.70293122,-74.01303424
277438,40.70958025,-74.00504839
284530,40.70980252,-74.0163445
278270,40.71574334,-74.01557196
279132,40.71139356,-74.01597947
278225,40.71424591,-74.01647316
278227,40.71415001,-74.01654776
278248,40.71593443,-74.0164058
278228,40.71402296,-74.0166466
279131,40.71145398,-74.01595542
278245,40.71563186,-74.0165099
278244,40.71554381,-74.01656243
273990,40.70369839,-74.01072865
283649,40.70948247,-74.01763046
273987,40.70362956,-74.01110917
283647,40.70951373,-74.01776575
278250,40.71608669,-74.01637817
278247,40.71577018,-74.01644619
278249,40.7159899,-74.01639574
277293,40.7089106,-74.00511666
283650,40.7094646,-74.01755315
284529,40.70978346,-74.01639117
274299,40.70488263,-74.00804361
274301,40.70479721,-74.0081658
284819,40.70991001,-74.01593716
274300,40.70484103,-74.00810311
277208,40.70839688,-74.00949209
284531,40.70989763,-74.01633135
273857,40.70264645,-74.0129912
284522,40.70956961,-74.01646554
284524,40.70963029,-74.01643377
277911,40.71550641,-74.01505311
284519,40.70944467,-74.01653091
274173,40.70559403,-74.006961
273688,40.70288681,-74.01421385
277912,40.71549369,-74.01496816
278265,40.71613222,-74.0162274
284517,40.7093832,-74.01656304
273852,40.70289687,-74.01305983
278114,40.71531585,-74.0143312
273692,40.70255704,-74.01388668
278338,40.71664304,-74.01632504
278340,40.71678,-74.016287
278266,40.71588451,-74.01566559
276174,40.7090887,-74.00199761
273986,40.70361187,-74.01121484
278350,40.71752173,-74.01583512
278336,40.71648665,-74.01634671
274174,40.70553125,-74.00705075
278345,40.71710738,-74.01615134
273689,40.70280606,-74.01415545
284685,40.70953725,-74.01675109
278117,40.71534956,-74.01454305
273695,40.70246412,-74.01300539
273691,40.70268757,-74.01403074
273690,40.70276073,-74.01410802
273989,40.70367558,-74.01083442
284532,40.70991745,-74.01628395
278116,40.71533832,-74.01447243
277598,40.71042404,-74.00297237
278246,40.71568108,-74.01648723
278349,40.71746416,-74.01588807
202490,40.70769961,-74.00672556
273694,40.70246039,-74.01306506
273985,40.70359488,-74.01131628
276123,40.70597643,-74.00416818
278118,40.71535641,-74.01458613
278119,40.71537341,-74.0147372
276342,40.70596688,-74.00535069
278342,40.71691175,-74.01624675
278344,40.71704487,-74.01618475
276124,40.7060115,-74.00420753
274305,40.70437843,-74.00871423
278339,40.71671125,-74.01630609
273892,40.70310221,-74.0112778
278335,40.71641838,-74.01635472
277209,40.70834638,-74.00953819
284817,40.70994481,-74.01610339
274297,40.70498401,-74.00789858
273937,40.70394636,-74.01060877
275945,40.70538728,-74.00598572
274298,40.70492756,-74.00797933
284682,40.70971715,-74.01664856
276343,40.70590588,-74.00545739
284821,40.70987157,-74.01575353
277294,40.70883589,-74.00500251
284820,40.70989181,-74.01585021
285707,40.71022488,-74.01620193
277292,40.7089569,-74.00516861
284678,40.70994398,-74.01653882
284680,40.70981279,-74.01659871
278224,40.71443156,-74.01632873
278415,40.71603668,-74.01534252
278417,40.71626016,-74.0152765
273639,40.70337642,-74.01432878
273640,40.70347119,-74.0143081
274612,40.70372289,-74.00815391
285691,40.71103281,-74.01584837
278346,40.71717084,-74.01611702
278113,40.71530461,-74.01426058
278115,40.71532708,-74.01440181
274303,40.70458973,-74.00841195
285687,40.71117481,-74.01579251
277297,40.70873926,-74.00492532
202491,40.70765283,-74.00666258
274239,40.70382902,-74.00917812
202492,40.70760759,-74.00660166
285692,40.7110019,-74.0158963
278337,40.71657505,-74.01633521
277303,40.70847845,-74.00471698
279133,40.71132789,-74.01600561
278272,40.71538162,-74.0158509
284824,40.7098225,-74.01551913
284681,40.70977526,-74.01661803
284683,40.70965652,-74.01668171
274614,40.7036617,-74.00808258
277295,40.70880264,-74.00501605
274613,40.70369168,-74.00811753
278418,40.71632505,-74.01522512
275104,40.70408442,-74.00753526
278120,40.71537738,-74.01489725
273988,40.70365682,-74.01094643
278121,40.71542507,-74.01520697
277210,40.70829499,-74.00958511
278221,40.71508665,-74.01582239
284679,40.70986568,-74.01657456
285685,40.71124528,-74.01576479
284822,40.70985191,-74.01565963
285690,40.71107658,-74.01586692
277298,40.70864685,-74.0048515
274242,40.7036985,-74.00937406
276173,40.70925405,-74.00178132
277667,40.71181896,-74.00589881
277211,40.70824404,-74.00963162
283240,40.70795613,-74.01661372
285688,40.71114705,-74.0158392
284684,40.70959709,-74.01671556
278396,40.71732156,-74.0151837
277673,40.71189047,-74.00542469
278392,40.71745775,-74.01548269
273936,40.70388948,-74.0105728
285686,40.71121804,-74.01581127
274241,40.70374261,-74.00930784
273805,40.70302879,-74.01289317
283234,40.70779023,-74.01673525
284823,40.7098375,-74.01559077
273938,40.70398222,-74.01063145
274238,40.70387241,-74.00911299
282887,40.70711399,-74.01726648
278397,40.71725474,-74.01503699
277670,40.7118435,-74.00573605
273939,40.70403416,-74.0106643
274240,40.703786,-74.00924271
285689,40.71110433,-74.01582023
277301,40.70854646,-74.00477131
273804,40.7029684,-74.01287795
285698,40.71057329,-74.01606489
283236,40.70784441,-74.01669556
283238,40.70790051,-74.01665446
283239,40.70794102,-74.01666402
278393,40.71742391,-74.0154084
273802,40.70277054,-74.01282808
283230,40.70764926,-74.01683852
277672,40.71188086,-74.00548838
285683,40.71131838,-74.01573604
285682,40.71136109,-74.01575501
277671,40.71187072,-74.0055556
285684,40.71128799,-74.01578376
277668,40.71182269,-74.00587405
278395,40.7173554,-74.01525798
282954,40.70689948,-74.01661019
277747,40.71745551,-74.01332705
278240,40.7146718,-74.01637932
278271,40.71561219,-74.0156731
278414,40.71596987,-74.01538966
284686,40.70945726,-74.01680048
275118,40.70387353,-74.00728354
282952,40.70665224,-74.01670708
277752,40.71776817,-74.01401778
278239,40.71463307,-74.01640946
285695,40.71086937,-74.01594842
282953,40.7067706,-74.01666069
278237,40.71435203,-74.0166282
277746,40.71741762,-74.01324334
285704,40.71029325,-74.01617504
277305,40.70826413,-74.00458588
276133,40.7080232,-74.00365709
282653,40.70602497,-74.01743824
277748,40.7174948,-74.01341385
277749,40.71753494,-74.01350252
277750,40.71757395,-74.01358871
277421,40.70845125,-74.00280381
273803,40.70282446,-74.01284167
283227,40.70750974,-74.01694073
283229,40.70756823,-74.01689788
277420,40.70853469,-74.00270458
282886,40.70716122,-74.01719264
278394,40.71738923,-74.01533226
278398,40.71713349,-74.0147708
283657,40.70933427,-74.0169892
277751,40.71761661,-74.01368295
282884,40.70728156,-74.01710444
282652,40.70589348,-74.01712658
277669,40.71183283,-74.00580682
277234,40.70817057,-74.00545891
277786,40.71758209,-74.01546273
283655,40.70937415,-74.01716177
277866,40.71568628,-74.01534507
285045,40.71090978,-74.01617228
277811,40.71584202,-74.01519312
277709,40.71130629,-74.0042703
285696,40.71078628,-74.01598111
277799,40.71672241,-74.01442807
277787,40.71753963,-74.01536917
283678,40.70881261,-74.01696508
278241,40.71475682,-74.01631314
277235,40.70819403,-74.00540095
278416,40.71610935,-74.01533932
285703,40.71028604,-74.01614211
275120,40.70384305,-74.00724717
285700,40.71043445,-74.0161195
277798,40.71679278,-74.01437185
277270,40.70230836,-74.01141726
278238,40.7145693,-74.01645909
285694,40.7109288,-74.01592505
277804,40.71625239,-74.01480357
285038,40.71027627,-74.01642366
285705,40.71025001,-74.01615628
285706,40.71023634,-74.01616166
277800,40.71665674,-74.01448053
283654,40.70939058,-74.01723287
274296,40.70503302,-74.00782846
275119,40.70386058,-74.0072218
285701,40.71036556,-74.0161466
274617,40.70356971,-74.00797536
274619,40.70350894,-74.00790452
285039,40.71034722,-74.0163955
283479,40.7079373,-74.01608243
277706,40.71112766,-74.00399453
277791,40.71726912,-74.01477308
277789,40.71746933,-74.01521426
285041,40.71048779,-74.01633972
277788,40.71750504,-74.01529295
277790,40.71743418,-74.0151368
283237,40.7078854,-74.01670476
283233,40.70777704,-74.01678415
285040,40.71041737,-74.01636767
283231,40.70767922,-74.0168558
283228,40.70755168,-74.01694923
283235,40.70783026,-74.01674516
277810,40.7158982,-74.01514791
277785,40.71761527,-74.01553585
277867,40.71563781,-74.01538333
277708,40.7112522,-74.0041868
277710,40.71143119,-74.00446312
285042,40.71069853,-74.0162561
277792,40.71723734,-74.01470306
277707,40.71118886,-74.00408902
283679,40.7088686,-74.01692521
285044,40.71083936,-74.01620022
283772,40.70870592,-74.01734337
275940,40.70548769,-74.00578892
278223,40.71450478,-74.01627177
283653,40.7094118,-74.01732467
277694,40.71681134,-74.01376866
277692,40.71668504,-74.01349049
277693,40.7167759,-74.0136906
283770,40.70881959,-74.01725873
283656,40.70935421,-74.01707549
273854,40.702834,-74.0130426
273861,40.70252978,-74.01292423
283232,40.70772286,-74.01682384
282880,40.70732085,-74.01696286
282878,40.70718668,-74.0166482
273693,40.70245468,-74.01315636
278341,40.71684411,-74.01626787
278348,40.71740543,-74.01593803
282879,40.70725349,-74.0168049
277299,40.70858452,-74.00484181
283787,40.70787055,-74.01534361
285697,40.71064744,-74.01603572
285699,40.71050335,-74.0160924
274616,40.70360092,-74.00801174
277777,40.71663179,-74.01366859
274618,40.70353974,-74.00794042
285702,40.71031549,-74.01613053
274302,40.70474819,-74.00823592
277341,40.70789646,-74.00333323
277775,40.71779622,-74.01549523
282894,40.70678598,-74.01730913
283480,40.70811304,-74.01633589
283773,40.70864812,-74.0173864
277401,40.7084691,-74.00063137
277342,40.70784759,-74.00330039
274304,40.70444862,-74.00861382
277801,40.71659341,-74.01453112
277802,40.71652024,-74.01458958
274615,40.70363172,-74.00804764
174239,40.70916269,-74.00125344
283429,40.70920581,-74.01671421
283467,40.70913379,-74.017098
283430,40.70916276,-74.01670796
283788,40.70792303,-74.01532244
277805,40.7161839,-74.01485828
283473,40.70925818,-74.01750268
283431,40.70915059,-74.01675731
283432,40.70911085,-74.01674848
283428,40.70921563,-74.0166667
283785,40.70776376,-74.01538669
283786,40.70781703,-74.0153652
277601,40.71066842,-74.00328056
283470,40.7091854,-74.01726589
283434,40.7090594,-74.01678863
277742,40.71730941,-74.01396532
277808,40.71598452,-74.01505946
277739,40.71704974,-74.0141706
277740,40.71718757,-74.01406164
277803,40.71644987,-74.0146458
274620,40.70347896,-74.00786957
283454,40.70961258,-74.01468048
277807,40.71604317,-74.01497071
284818,40.7099269,-74.01601784
277741,40.71724355,-74.01401739
283474,40.70928244,-74.01758161
273893,40.70324352,-74.01072572
283481,40.70814483,-74.01640923
277440,40.70983294,-74.00507596
277365,40.70795824,-74.00115239
283472,40.70923392,-74.01742375
283774,40.70859654,-74.01742481
283768,40.70893947,-74.01716947
283769,40.70888287,-74.01721161
277402,40.7085145,-74.00066511
277813,40.71777744,-74.01437461
277814,40.71781785,-74.01446972
277366,40.70800289,-74.00106147
275891,40.70661587,-74.00515851
277697,40.71691599,-74.01399914
283789,40.70809936,-74.0152513
275890,40.7065584,-74.00524098
275889,40.7065028,-74.00532078
283453,40.70954716,-74.01470768
274766,40.70465063,-74.00705065
277269,40.70237278,-74.01143532
277367,40.70815022,-74.00076143
277368,40.70821124,-74.00063718
283455,40.70968174,-74.01466743
277812,40.71773916,-74.01428453
277364,40.70790615,-74.00125846
277696,40.71688364,-74.01392789
276061,40.70731917,-74.00441997
283361,40.70929746,-74.01474558
277343,40.70780115,-74.00326919
277772,40.7179369,-74.0152708
277769,40.71738869,-74.01350562
277774,40.71784939,-74.01541319
277776,40.71775668,-74.01555134
276060,40.70726704,-74.00450373
277344,40.70775227,-74.00323635
277806,40.71611213,-74.01491562
283477,40.70934598,-74.01778829
276032,40.70539778,-74.00510835
276034,40.70531542,-74.00499427
277771,40.71796989,-74.01520133
283468,40.70915332,-74.01716155
276029,40.70551868,-74.00527582
283677,40.70879415,-74.01701721
283018,40.70811471,-74.01687957
283305,40.70793884,-74.01645138
283307,40.707849,-74.01631267
283306,40.70790743,-74.01637859
283304,40.7079708,-74.01652542
277698,40.71695312,-74.01408092
277695,40.71684088,-74.01383371
275887,40.70639084,-74.00548145
275888,40.70644719,-74.00540058
275892,40.70667333,-74.00507605
283020,40.70822168,-74.01714143
277699,40.71697843,-74.01413668
282566,40.70700206,-74.01782404
277861,40.71547673,-74.0147162
282465,40.7066009,-74.01761748
282526,40.70655368,-74.0170741
277754,40.71788072,-74.01426642
277756,40.71801741,-74.01456839
282527,40.70648776,-74.01691758
277864,40.71557763,-74.01494287
282567,40.70694962,-74.01769523
277862,40.71550999,-74.01479093
277755,40.71791945,-74.01435199
277768,40.71742654,-74.01358936
277753,40.71784059,-74.01417775
277757,40.71812181,-74.01479905
277770,40.71730738,-74.01332574
277767,40.71747,-74.0136855
277271,40.70217146,-74.01137888
277403,40.70856323,-74.00070134
283469,40.70916731,-74.01720703
277796,40.71754098,-74.01426439
283433,40.70909773,-74.01679857
277744,40.71743313,-74.01386752
283475,40.70930383,-74.01765117
283019,40.7081926,-74.01707025
283680,40.70890901,-74.0169354
283684,40.70926347,-74.01693148
282885,40.70722234,-74.01718708
274762,40.70446955,-74.00730712
277863,40.71554409,-74.01486752
277793,40.71727422,-74.01447374
282461,40.70636127,-74.01775947
283685,40.70921529,-74.01696895
277865,40.71560812,-74.01501137
277400,40.70842132,-74.00059586
282782,40.70763437,-74.01738161
282463,40.7064768,-74.01769781
282738,40.705617,-74.01785595
282740,40.70552874,-74.01783322
282737,40.70570627,-74.01787079
282744,40.70530114,-74.01770477
277743,40.71736257,-74.0139233
283476,40.7093248,-74.0177194
285046,40.71097941,-74.01614465
274760,40.70437546,-74.00744038
282734,40.70594095,-74.01789919
276030,40.70547901,-74.00522087
282781,40.70766127,-74.01744283
282739,40.70556657,-74.01787884
282741,40.70545459,-74.01780457
282460,40.70630799,-74.01781825
277272,40.70209361,-74.01135705
277795,40.71742645,-74.01435427
274764,40.70456028,-74.00717863
282466,40.70667963,-74.01759591
274763,40.70451547,-74.00724208
274761,40.70442101,-74.00737587
282895,40.70659388,-74.01684945
277809,40.71594974,-74.01514662
277745,40.7174877,-74.01382438
282464,40.70656338,-74.01768325
282462,40.70644009,-74.0177559
277439,40.709758,-74.00499698
277797,40.71761734,-74.01420447
283686,40.7091704,-74.01700385
277705,40.71106183,-74.00389291
282605,40.7063284,-74.01683437
282607,40.70594614,-74.01698254
282606,40.7061199,-74.01691519
282923,40.70783731,-74.01694466
282736,40.70575212,-74.01790812
282924,40.70789366,-74.01690414
278424,40.71694387,-74.0147352
282747,40.70515546,-74.01756554
282745,40.70524814,-74.01770122
282733,40.7059835,-74.01785518
282922,40.70778,-74.01698586
282921,40.70772366,-74.01702637
277794,40.7173501,-74.01441419
282735,40.70589157,-74.01787231
282925,40.70795289,-74.01686156
274765,40.70460732,-74.007112
282920,40.70766587,-74.01706792
282919,40.70760952,-74.01710843
276031,40.70543859,-74.00516487
278423,40.71687428,-74.0147903
278421,40.71666785,-74.01495373
285043,40.71076842,-74.01622837
285693,40.71096129,-74.0158765
282701,40.70750623,-74.01739181
282700,40.70747197,-74.01731368
276062,40.70737131,-74.00433622
282746,40.70522588,-74.01764009
282749,40.70508522,-74.01748225
276059,40.70722012,-74.00457911
282743,40.70536814,-74.0177538
276057,40.70712107,-74.00473825
276055,40.70703418,-74.00487785
282748,40.70510249,-74.01754922
276063,40.70741649,-74.00426363
276056,40.70707763,-74.00480805
283478,40.70791113,-74.01601737
283771,40.70876562,-74.01729892
278425,40.71698084,-74.01474594
282783,40.70759813,-74.01729915
282784,40.707563,-74.01721919
277773,40.71788579,-74.01535473
278426,40.7170003,-74.01469053
278427,40.71704667,-74.01469382
276071,40.7055211,-74.00438878
274694,40.70404452,-74.00669955
276072,40.70556171,-74.00432526
274696,40.70413264,-74.00656319
283360,40.70921587,-74.01477731
278419,40.71639136,-74.01517263
282650,40.7072517,-74.01736741
278420,40.71659779,-74.0150092
275947,40.7053497,-74.00604026
282649,40.70710095,-74.01747872
282654,40.70609177,-74.01759659
283471,40.70920925,-74.01734348
276033,40.70535622,-74.00505079
283021,40.70828061,-74.01728572
282651,40.70735771,-74.01728914
282648,40.70696743,-74.01757731
277845,40.71543645,-74.01411564
277841,40.71548756,-74.01446124
277843,40.71546211,-74.01428915
284927,40.70996913,-74.01560922
284929,40.71009073,-74.01614648
283482,40.70828694,-74.01673706
277840,40.71552955,-74.01462147
278422,40.71673885,-74.01489752
282524,40.70664353,-74.01728743
282529,40.70686979,-74.01780563
277842,40.71549263,-74.01431589
277229,40.70745063,-74.00770134
282525,40.70657708,-74.01712964
284928,40.71007086,-74.01605867
275946,40.70536795,-74.00596272
170718,40.70620739,-74.01675798
277844,40.71544902,-74.01420062
277846,40.71542545,-74.01404127
282742,40.7054001,-74.0178101
283485,40.70846708,-74.01715264
283483,40.70839861,-74.01699468
278343,40.7169782,-74.01621671
170726,40.70595792,-74.01685516
283484,40.70843257,-74.01707303
275838,40.70586383,-74.0062281
275244,40.70470603,-74.00788053
276058,40.70717147,-74.00465728
275245,40.70477749,-74.00777871
275246,40.70481954,-74.00771879
170722,40.70608292,-74.01680647
275247,40.70497027,-74.00750404
274695,40.70408823,-74.00663192
171756,40.70623405,-74.01619455
170740,40.70528476,-74.01711736
275840,40.70567429,-74.00649885
275837,40.70593445,-74.00612723
275839,40.70582295,-74.0062865
277220,40.70746358,-74.00772368
170730,40.70558318,-74.01700112
171757,40.70633579,-74.01616783
277340,40.7075357,-74.00293511
416142,40.7107332,-74.004945
416141,40.71080724,-74.00502316
416145,40.71050209,-74.00470104
416167,40.7100317,-74.00453644
416360,40.71397336,-74.01466851
416367,40.71424933,-74.01520986
416369,40.71427908,-74.01535751
416364,40.71411956,-74.01499245
424093,40.71177953,-74.01578944
416362,40.71404585,-74.01483385
416365,40.71417399,-74.01504843
424092,40.71177953,-74.01578944
416370,40.7143043,-74.01546309
416361,40.71401064,-74.01475353
416366,40.71421876,-74.01514437
416359,40.71391346,-74.01451309
416368,40.71427634,-74.01526595
424090,40.71177173,-74.01575674
416144,40.71058726,-74.00479095
416522,40.71035677,-74.00421372
416250,40.71181994,-74.00589112
416146,40.7104135,-74.00460753
416258,40.71085792,-74.00488927
416261,40.71067692,-74.0046924
416251,40.71176814,-74.00583477
416259,40.71080337,-74.00482993
416147,40.71035444,-74.00454518
416525,40.71084193,-74.00380346
416524,40.71058186,-74.00396781
416254,40.71142186,-74.00550262
416253,40.71148699,-74.00557346
416143,40.71065916,-74.00486684
416523,40.71048618,-74.004063
416255,40.71135674,-74.00543179
416252,40.71160688,-74.00570386
416260,40.71073655,-74.00475726
416262,40.71061137,-74.00462111
416148,40.71030051,-74.00448826
416257,40.71111294,-74.00516662
416256,40.7112508,-74.00531657
424094,40.71177173,-74.01575674
277296,40.70878851,-74.00496467
424091,40.71177173,-74.01575674
416263,40.71052679,-74.00452912
416264,40.71048387,-74.00448244
430558,40.70995448,-74.01457136
416137,40.71133494,-74.0055802
416139,40.71117316,-74.00540943
416136,40.71138587,-74.00563396
416138,40.71128101,-74.00552328
416265,40.71044115,-74.00443598
444825,40.70644106,-74.01791594
444826,40.70663,-74.01781459
430368,40.70752442,-74.01573598
430445,40.70965568,-74.01494119
416371,40.71433851,-74.0155396
416374,40.71447479,-74.01584438
444824,40.70632115,-74.01796687
444827,40.70675952,-74.01772478
416372,40.7144086,-74.01569634
416373,40.71444364,-74.01577471
416375,40.71451373,-74.01593146
416140,40.71111924,-74.0053525
430326,40.70746884,-74.01579623
430367,40.70746917,-74.01575907
430446,40.7095962,-74.01496433
430463,40.70956438,-74.01494624
430366,40.70740274,-74.01578683
430327,40.70740745,-74.01582224
277300,40.70859806,-74.00481253
430325,40.70752527,-74.01577232
277308,40.70818761,-74.00448465
416266,40.71039675,-74.00438769
416668,40.70933401,-74.00504856
416669,40.70941704,-74.00495143
416676,40.71028528,-74.00396789
416670,40.70958408,-74.0047569
416678,40.71041711,-74.00375723
416666,40.7091696,-74.00525643
416680,40.7105161,-74.0036318
416677,40.71036652,-74.00382132
416672,40.70976804,-74.00456138
416674,40.70989182,-74.00442982
416681,40.71056451,-74.00357046
416671,40.7096831,-74.00465165
416673,40.70982993,-74.0044956
416675,40.70996487,-74.0043498
416679,40.71046611,-74.00369514
430464,40.70961423,-74.01493355
430559,40.71005639,-74.01453071
430560,40.71012289,-74.01453335
444963,40.71135631,-74.01553845
444960,40.71122342,-74.01522408
416667,40.70921389,-74.00521259
444962,40.71132152,-74.01545615
410709,40.70671171,-74.01385751
444957,40.71117011,-74.01509795
444958,40.71118211,-74.01512633
416363,40.71407751,-74.01490605
473466,40.71421036,-74.01474395
473476,40.71458265,-74.01548539
473477,40.71460063,-74.01552506
473473,40.71449556,-74.01529325
473481,40.71469166,-74.01572588
473480,40.7146741,-74.01568714
473462,40.71411276,-74.0144602
473464,40.71415034,-74.01461081
473468,40.71429741,-74.0148768
473475,40.71454641,-74.01540544
473461,40.71407091,-74.01438375
473470,40.71433765,-74.01500743
473465,40.71418028,-74.01467723
473469,40.71428422,-74.01495479
444959,40.71120077,-74.01517047
444961,40.71125355,-74.01529534
473467,40.71426301,-74.01479353
473474,40.71452731,-74.01536329
473472,40.71445932,-74.01521329
473479,40.714655,-74.01564499
473463,40.71412027,-74.01454408
473478,40.7146196,-74.0155669
473482,40.71472776,-74.01580553
473483,40.7147463,-74.01584643
473485,40.71477727,-74.015971
473471,40.71441752,-74.01516928
473484,40.71475713,-74.01590491
410712,40.70662621,-74.01416475
410711,40.70664761,-74.01408786
416149,40.71025044,-74.0044354
410710,40.70667608,-74.01398556
444964,40.71139017,-74.01561854
453975,40.70859393,-74.00115529
529551,40.70591698,-74.01644635
529547,40.70615956,-74.01635164
529549,40.70604011,-74.01639828
529550,40.70598328,-74.01642046
529546,40.70622113,-74.01632761
521788,40.71399775,-74.01378232
521787,40.71394487,-74.0137971
529548,40.70609642,-74.01637629
522456,40.71666874,-74.013081
522462,40.71707176,-74.01298152
522458,40.71680173,-74.01304817
521794,40.71431563,-74.01369348
522457,40.71673618,-74.01306436
522460,40.71693688,-74.01301481
521795,40.71436932,-74.01367847
522459,40.71686809,-74.01303179
521793,40.71426381,-74.01370796
522461,40.71700486,-74.01299803
521798,40.71452477,-74.01363503
529552,40.7058533,-74.0164712
521803,40.71478894,-74.01356119
521804,40.714837,-74.01354776
521802,40.71473471,-74.01357635
521801,40.71467914,-74.01359188
521789,40.71405333,-74.01376679
521790,40.71410434,-74.01375253
521797,40.71447376,-74.01364929
521799,40.71457604,-74.0136207
521800,40.71463162,-74.01360516
529161,40.70641507,-74.0141289
529163,40.70649375,-74.01400222
529162,40.70645506,-74.01406125
529553,40.70578069,-74.01649956
529164,40.70656897,-74.01388784
521792,40.71420904,-74.01372327
521808,40.71504963,-74.01348833
521807,40.7149954,-74.01350349
529558,40.70541286,-74.01664315
529559,40.70534813,-74.01666842
529554,40.70570807,-74.0165279
529561,40.70521552,-74.01672019
529165,40.70665243,-74.01380206
529156,40.70583604,-74.01458244
529157,40.70593472,-74.01454035
529158,40.70603602,-74.01449715
529555,40.70564966,-74.01655071
529562,40.70515133,-74.01674525
529154,40.70562718,-74.0146715
529560,40.70528446,-74.01669328
529556,40.70557125,-74.01658132
529155,40.70572273,-74.01463076
529152,40.70537028,-74.01478106
529557,40.70550126,-74.01660864
529153,40.70549038,-74.01472984
529160,40.70638147,-74.01419998
521791,40.71415803,-74.01373753
529159,40.70633954,-74.01428644
522721,40.71856934,-74.01257845
522717,40.71884523,-74.0125185
522719,40.71869631,-74.01255105
522725,40.71830056,-74.01261997
522723,40.71844777,-74.01259723
522724,40.71838507,-74.01260692
522718,40.71874721,-74.01253992
522722,40.71850392,-74.01258856
521796,40.71442033,-74.01366422
522720,40.71863539,-74.01256437
521806,40.71494305,-74.01351812
521805,40.71488989,-74.01353298
543596,40.70675295,-74.01606517
543598,40.70693253,-74.0159908
543599,40.70698437,-74.01596934
543597,40.7068142,-74.0160398
722611,40.71185774,-74.01578956
722610,40.71194179,-74.01576575
29058,40.70790842,-74.00271475
29052,40.70818341,-74.00216282
29054,40.70806208,-74.00240635
29059,40.70787039,-74.0027911
29060,40.7078325,-74.00286714
29055,40.70802599,-74.00247877
28948,40.70854095,-74.00229227
28949,40.70838869,-74.00214366
42816,40.70707823,-74.00528828
29057,40.70794405,-74.00264323
42815,40.70700209,-74.00520839
78931,40.70538236,-74.0079874
42818,40.70723096,-74.00544851
29061,40.70779251,-74.00294741
42817,40.70716382,-74.00537807
29056,40.70798164,-74.00256779
29641,40.70757737,-74.00109417
29503,40.70798295,-74.00193846
29053,40.70809395,-74.00234237
76126,40.70531222,-74.01546298
76127,40.70542238,-74.01542082
78926,40.70513011,-74.00829306
76130,40.70580712,-74.01527355
76133,40.70616182,-74.01513777
76132,40.70599212,-74.01520274
76204,40.7067414,-74.01578166
76131,40.7058983,-74.01523865
78922,40.70508445,-74.00836149
78921,40.70504385,-74.00843436
78733,40.7067522,-74.01099537
76205,40.70680094,-74.01575637
76206,40.70687929,-74.01572308
76234,40.70833837,-74.01487441
78919,40.70498888,-74.00847684
78920,40.70498888,-74.00847684
78927,40.70517993,-74.0082299
78923,40.70506345,-74.00834119
78930,40.70533287,-74.00804669
78929,40.70528216,-74.00810744
78917,40.70500314,-74.00850962
76129,40.70561106,-74.01534859
78924,40.70506345,-74.00834119
78928,40.70522942,-74.00817061
27572,40.71129544,-74.01007877
29668,40.70798936,-74.00152583
29669,40.70803366,-74.00157142
29670,40.70812053,-74.00166083
78808,40.70447845,-74.00924076
78810,40.70435679,-74.00911732
78809,40.70442197,-74.00918345
78811,40.70430465,-74.00906442
75761,40.7082476,-74.01254269
75762,40.70835562,-74.01247012
78915,40.7046382,-74.0091843
78916,40.70467716,-74.00911227
29671,40.7081564,-74.00169774
78918,40.70498888,-74.00847684
78925,40.70506345,-74.00834119
75763,40.7084783,-74.0123877
76128,40.7055067,-74.01538854
29548,40.70753455,-74.00159681
29549,40.70745275,-74.00152857
29672,40.70819551,-74.001738
75760,40.70810732,-74.01263694
76390,40.70901404,-74.01386097
76388,40.70894652,-74.01370479
76389,40.70898042,-74.01378319
76391,40.709133,-74.01397378
170021,40.71000223,-74.01209539
170306,40.7094914,-74.01731716
170020,40.70996526,-74.01201015
170019,40.70992775,-74.01192366
169986,40.7061998,-74.01407059
172728,40.71695166,-74.01638153
172733,40.71736124,-74.01614408
172712,40.71580819,-74.01658254
172730,40.71710013,-74.01631448
172724,40.71661889,-74.01648371
172725,40.71668689,-74.01646705
172727,40.71691031,-74.01639616
170303,40.70942922,-74.01704342
169987,40.70628649,-74.01413306
172704,40.71514169,-74.01613612
170304,40.70945403,-74.01715264
169879,40.70394194,-74.01061408
170711,40.70649051,-74.01661197
170743,40.7051316,-74.01717702
170708,40.7066113,-74.01656492
170739,40.7053084,-74.01707241
170305,40.7094702,-74.01722384
170710,40.70653709,-74.01659382
170737,40.7053584,-74.01705294
170744,40.70506581,-74.01720264
170719,40.70616788,-74.01673764
170694,40.70704683,-74.01639527
170721,40.70610077,-74.01676378
170728,40.70586209,-74.01685675
170698,40.70691393,-74.01644703
170700,40.70686235,-74.01646713
170691,40.70743199,-74.01690536
169880,40.70400518,-74.01065264
169878,40.70388417,-74.01057886
170696,40.70698051,-74.0164211
170179,40.71049507,-74.01772433
170706,40.70667762,-74.01653909
170723,40.70604656,-74.01678489
170742,40.70518423,-74.01715651
170731,40.70554367,-74.01698078
170733,40.70549051,-74.01700148
170715,40.70628683,-74.01669131
170717,40.70623367,-74.01671201
172721,40.71641613,-74.01651311
172723,40.71654666,-74.01649769
170712,40.70639262,-74.0166501
172713,40.71586227,-74.01656205
170741,40.70525108,-74.01713048
170189,40.71008067,-74.01671989
172736,40.71753364,-74.01599579
172740,40.71776807,-74.01574763
172755,40.71822062,-74.014986
172735,40.71748738,-74.01604099
172714,40.71593131,-74.01654251
172731,40.71724313,-74.01622981
172720,40.716347,-74.01651605
172722,40.71648819,-74.01650497
172738,40.71765976,-74.01587097
172745,40.71808967,-74.01523849
172746,40.71812685,-74.01516184
172715,40.71599806,-74.01653017
172719,40.71627818,-74.01651659
172726,40.71677673,-74.01644344
172744,40.71796351,-74.01546477
172751,40.71819678,-74.01497211
172717,40.71613733,-74.01651934
170734,40.70546845,-74.01704581
172711,40.71571856,-74.01662541
172729,40.71702203,-74.0163551
172747,40.71815653,-74.01509142
172753,40.71819678,-74.01497211
172732,40.71730584,-74.01618535
172737,40.71759354,-74.01593723
172734,40.71741783,-74.01610193
172748,40.71818546,-74.01500568
172716,40.71606932,-74.01652512
172718,40.71621366,-74.01651667
172754,40.71822062,-74.014986
172741,40.71782458,-74.01567192
172743,40.71791141,-74.01554763
172750,40.71819678,-74.01497211
172752,40.71819678,-74.01497211
172739,40.7177143,-74.0158116
172708,40.7153322,-74.01661178
170186,40.71017346,-74.01714271
172707,40.7152912,-74.01652128
170176,40.71045745,-74.0174793
172709,40.71537981,-74.01670438
170181,40.71037443,-74.01776297
170183,40.71023872,-74.01744007
170702,40.70679604,-74.01649296
170713,40.70633998,-74.0166706
170188,40.71010623,-74.01683634
172706,40.7152061,-74.01633345
170182,40.710262,-74.01754612
170736,40.70539634,-74.0170739
170177,40.71047799,-74.01755081
170738,40.70533472,-74.01706216
170191,40.71005755,-74.01661453
172705,40.71516369,-74.01623985
170180,40.71044135,-74.01774308
170190,40.71006972,-74.01666998
170707,40.70665187,-74.01658485
170154,40.71018865,-74.01658694
170735,40.70542472,-74.01702711
170704,40.70673025,-74.01651859
170729,40.70561104,-74.01695453
170724,40.7060245,-74.01682922
170155,40.7102087,-74.01667544
170714,40.7063195,-74.01671432
170732,40.70552423,-74.01702408
172606,40.71179609,-74.00675282
170178,40.71049332,-74.01764367
170705,40.70671134,-74.01656169
170692,40.70740913,-74.01684944
170693,40.70738548,-74.01679162
170185,40.71019233,-74.01722866
170158,40.71029013,-74.01703498
170725,40.7059813,-74.01681031
170187,40.71014304,-74.01700408
172607,40.71187501,-74.00643683
172608,40.71190086,-74.00633333
170371,40.7088338,-74.01640963
170379,40.70905834,-74.01588327
170716,40.70626897,-74.016734
170375,40.70881702,-74.01598674
170372,40.70880526,-74.01631975
170382,40.70920629,-74.01603753
170380,40.70913189,-74.01588962
170157,40.71024926,-74.01685452
172308,40.70821839,-74.01550931
170156,40.71022984,-74.01676879
172301,40.70770956,-74.01570296
170159,40.7103108,-74.01712625
172306,40.70807497,-74.01556389
172309,40.70828904,-74.01548241
172304,40.70793207,-74.01561827
172305,40.70800642,-74.01558998
170695,40.70702476,-74.0164396
172310,40.70835495,-74.01545733
172313,40.70853027,-74.0153906
170703,40.70677029,-74.01653873
172314,40.70858142,-74.01537113
172307,40.7081472,-74.0155364
172315,40.70863837,-74.01534946
170369,40.708882,-74.01656142
170376,40.70887419,-74.01595558
170367,40.70892406,-74.0166939
170378,40.70899521,-74.01590582
170373,40.70878697,-74.01626216
170374,40.70877132,-74.01605113
172303,40.70784982,-74.01564958
170370,40.70885832,-74.01648685
170366,40.7089526,-74.01678378
170383,40.70924174,-74.01620278
170381,40.70917487,-74.01593963
172302,40.70777863,-74.01567667
170368,40.70890398,-74.01663066
170302,40.7094041,-74.01693282
169881,40.70405846,-74.01068512
172316,40.70871219,-74.01532136
172311,40.70842192,-74.01543184
172312,40.70847359,-74.01541217
170385,40.70927703,-74.01636733
170387,40.70931002,-74.01652113
172710,40.71563471,-74.01666646
170837,40.70486056,-74.01544563
170838,40.70485256,-74.01539038
170853,40.70473285,-74.01481788
170386,40.70929364,-74.01644475
172742,40.71786533,-74.01561733
169877,40.70391888,-74.0085482
170727,40.70591472,-74.01683625
170184,40.71022427,-74.01737422
172749,40.71819678,-74.01497211
170854,40.70471201,-74.01473767
169965,40.70379399,-74.01448983
169963,40.70360708,-74.01452517
169964,40.70369891,-74.01450781
169962,40.70351797,-74.01454202
169876,40.70394798,-74.00858117
170472,40.70860109,-74.01792919
170451,40.70865189,-74.01771781
170453,40.70870127,-74.01783442
169875,40.7039775,-74.00861462
170322,40.70910852,-74.01728593
170310,40.70958042,-74.0177091
170312,40.70957641,-74.01785808
169874,40.70400702,-74.00864807
170321,40.70912795,-74.01734953
170313,40.70936167,-74.01795449
170311,40.70959204,-74.01776354
170318,40.70919747,-74.01757715
169961,40.7034277,-74.01455246
169871,40.70389253,-74.00867662
170449,40.70860304,-74.01760245
170448,40.70857995,-74.01754792
170450,40.70862867,-74.01766296
170377,40.70893182,-74.01593189
170307,40.70952374,-74.01745956
170308,40.70954195,-74.01753974
170323,40.70907847,-74.01718751
170455,40.70875839,-74.01796932
170456,40.70878241,-74.01802606
170454,40.70872609,-74.01789305
170316,40.7092461,-74.01773574
170541,40.70819205,-74.01745057
169873,40.70403633,-74.00868128
170161,40.71037156,-74.01739453
170384,40.70925946,-74.0162854
170540,40.70815886,-74.01743529
170320,40.70915249,-74.01742986
170315,40.70927228,-74.01781962
170535,40.70803227,-74.01752578
170319,40.70917293,-74.01749681
169870,40.70392193,-74.00871024
169872,40.70386354,-74.00864347
170314,40.70930313,-74.01789985
170537,40.70806723,-74.01750079
170317,40.70922186,-74.01765681
169868,40.70398074,-74.00877747
169869,40.70395134,-74.00874386
170452,40.70867725,-74.01777769
170827,40.70487922,-74.01580018
170824,40.70485877,-74.01610485
170160,40.71035261,-74.01731086
170162,40.71039082,-74.01747957
170826,40.70487247,-74.01590078
170823,40.7048521,-74.01620437
170539,40.70815058,-74.01748021
170825,40.70486562,-74.01600281
170536,40.70806233,-74.0175433
170457,40.7088611,-74.0182214
170458,40.70884544,-74.01827936
170534,40.70802858,-74.01756743
170503,40.70827766,-74.01764517
170699,40.70689608,-74.01648973
170542,40.70820274,-74.01740392
170502,40.70831959,-74.01761364
170515,40.70797133,-74.01755748
170516,40.70802024,-74.01756733
169966,40.70410534,-74.01443096
170506,40.70815522,-74.01773726
170509,40.70798462,-74.0178536
170543,40.70823642,-74.01741885
170508,40.70803253,-74.01782954
170504,40.70823764,-74.01767527
170514,40.70792166,-74.01756797
170511,40.70784872,-74.0177054
170512,40.70785726,-74.01764791
170309,40.70956236,-74.01762961
170513,40.70788449,-74.01759812
