tree_id,latitude,longitude
190398,40.78853777,-73.94362576
190400,40.78845662,-73.9434339
190413,40.78792705,-73.94218177
190418,40.78777343,-73.94181856
190419,40.7877398,-73.94173904
190409,40.7880541,-73.94248217
156824,40.78793128,-73.94804647
190403,40.78835052,-73.94318303
190414,40.78789328,-73.94210193
190416,40.78783376,-73.94196119
156378,40.78663785,-73.9466522
74029,40.79536511,-73.9456159
190410,40.78801994,-73.94240139
156822,40.78783662,-73.94782235
190411,40.78798684,-73.94232313
190412,40.78795347,-73.94224425
190417,40.78780012,-73.94188167
156831,40.78829126,-73.94889874
190399,40.78850173,-73.94354056
190415,40.78786659,-73.94203882
190402,40.78838816,-73.94327201
156828,40.78811527,-73.94848207
156827,40.78807127,-73.9483779
74028,40.79540378,-73.94570745
156825,40.78797648,-73.94822412
190401,40.78842606,-73.94336163
156821,40.78779528,-73.9477245
202034,40.78668492,-73.94807972
190406,40.78825576,-73.94295898
215575,40.78901477,-73.95509125
215584,40.7895873,-73.95466995
215581,40.78935254,-73.9548427
215580,40.7892895,-73.95484978
215597,40.79034401,-73.95407379
215598,40.79041641,-73.95405985
215571,40.7887848,-73.95526048
215573,40.78889499,-73.95517939
215588,40.78981056,-73.95450566
215570,40.78871218,-73.9552746
215572,40.78882717,-73.95518999
215577,40.78912017,-73.95501369
215586,40.78970755,-73.95458146
215569,40.78868419,-73.95533451
215593,40.79005203,-73.95432797
215591,40.78994204,-73.95436959
215595,40.79023046,-73.95415735
215576,40.78905714,-73.95502077
215583,40.78951468,-73.95468408
215578,40.7891841,-73.95492734
215592,40.79002109,-73.95431142
156829,40.7881926,-73.94866515
190404,40.78832169,-73.94311487
215582,40.7893973,-73.95477045
215596,40.79030739,-73.95414005
215590,40.7899404,-73.95441011
215579,40.78923516,-73.95492908
215585,40.78963494,-73.95459558
215574,40.78894215,-73.95510538
215587,40.78974753,-73.95451273
215589,40.78986012,-73.95442988
156830,40.7882366,-73.94876932
215594,40.79010446,-73.95425007
71727,40.79316067,-73.94624339
190407,40.78815593,-73.94272294
216708,40.78849811,-73.94158977
190405,40.78828886,-73.94303724
202033,40.78660049,-73.94814077
216712,40.78867987,-73.94201792
202032,40.78651703,-73.94820113
216740,40.78850672,-73.94329497
216741,40.78847784,-73.94322602
216749,40.78782825,-73.94167537
216713,40.78873716,-73.94215286
156206,40.78732054,-73.94757714
156380,40.78670131,-73.94680286
156215,40.78854626,-73.94672186
216743,40.78841371,-73.94307295
216709,40.7885562,-73.9417266
216707,40.78843801,-73.94144821
216742,40.78845425,-73.94316973
216710,40.78860626,-73.94184452
216711,40.78865311,-73.94195486
216738,40.78862052,-73.94356665
215600,40.79053286,-73.95397575
215602,40.79066279,-73.9538819
190385,40.78823603,-73.94403646
215599,40.7904693,-73.95398251
72186,40.79267377,-73.95122182
216746,40.7882595,-73.94270481
216796,40.78942929,-73.94184322
156826,40.78804727,-73.94832109
216744,40.78836628,-73.94295973
216803,40.78974299,-73.94258516
216797,40.78947279,-73.9419461
216739,40.78853401,-73.94336012
216800,40.78959154,-73.94222697
216697,40.78746718,-73.9383925
216704,40.78802762,-73.94137843
156216,40.78873731,-73.94658243
156213,40.78759416,-73.94737746
216699,40.78726055,-73.94163282
216700,40.78718858,-73.94168546
216801,40.7896221,-73.94229924
216745,40.7883162,-73.94284018
216747,40.78819378,-73.94254795
216802,40.78964878,-73.94236236
216799,40.78955899,-73.94214997
190408,40.78808894,-73.94256453
216754,40.78882646,-73.94079622
215607,40.7909534,-73.95363287
156823,40.78787661,-73.94791705
216703,40.78791275,-73.94146255
156214,40.78846177,-73.94678352
216705,40.78818783,-73.9412611
216798,40.78951175,-73.94203825
216702,40.78786526,-73.94149733
216701,40.78712645,-73.9417309
215612,40.79130427,-73.95338001
215615,40.7915497,-73.9532104
215614,40.79150059,-73.95328309
216748,40.78813748,-73.94241353
216753,40.78868505,-73.94090004
215609,40.79114448,-73.95353399
216795,40.78936738,-73.94169679
216789,40.78902939,-73.94089742
216794,40.78930533,-73.94155004
216790,40.7890857,-73.94103059
216716,40.78886303,-73.94357649
215611,40.79126189,-73.95344919
215616,40.79162014,-73.95320047
190384,40.78817104,-73.94408406
216694,40.78713872,-73.93868959
216686,40.7865075,-73.93920506
216683,40.78618083,-73.93953339
216684,40.78625657,-73.93946643
216689,40.7868318,-73.93896049
216685,40.78633481,-73.93939689
216687,40.78657526,-73.93914601
216696,40.7873952,-73.9384436
216692,40.78699415,-73.9388199
216695,40.78722353,-73.93861741
215613,40.7914282,-73.95329437
215608,40.79102658,-73.95361915
216791,40.78913561,-73.94114862
215605,40.79083069,-73.95372149
216792,40.78921647,-73.94133986
215604,40.7907855,-73.95379328
215606,40.7909082,-73.95370465
215603,40.7907152,-73.95380491
215610,40.79118727,-73.95346395
216691,40.7869337,-73.93887234
216690,40.78686661,-73.93888916
216693,40.78701551,-73.93875886
157098,40.78853494,-73.94920064
216752,40.78858678,-73.94097218
216715,40.78885267,-73.94242494
216714,40.78880274,-73.94230734
215601,40.79059346,-73.95389284
216688,40.78676217,-73.93898097
216698,40.78754201,-73.9383473
216838,40.7890284,-73.94259131
216833,40.78922853,-73.94306883
216840,40.78897432,-73.94246229
229051,40.78935287,-73.94140377
229052,40.78931188,-73.94130649
216844,40.78877405,-73.94198446
229053,40.78927195,-73.94121174
216834,40.78918015,-73.9429534
244257,40.79192342,-73.93721067
216835,40.789127,-73.94282659
216839,40.78901435,-73.94255779
216846,40.78856689,-73.94149019
244389,40.79187887,-73.93826134
244396,40.79066673,-73.93914443
244388,40.79194466,-73.93821341
229178,40.78994671,-73.9410845
244395,40.79074357,-73.93908845
229050,40.7893928,-73.94149851
244391,40.79125335,-73.93871706
244392,40.79117531,-73.93877391
229041,40.78975109,-73.94234873
229042,40.78969945,-73.94222619
229048,40.78952457,-73.94181119
244397,40.7905959,-73.93919603
229040,40.78986316,-73.94261466
229043,40.78966192,-73.94213712
244393,40.79110183,-73.93882744
244394,40.79086604,-73.93899923
244390,40.79162338,-73.93844748
229179,40.78998328,-73.94117096
229176,40.78986449,-73.94089012
229175,40.78980816,-73.94075696
229177,40.78989545,-73.94096333
229054,40.78923202,-73.94111699
229044,40.78963583,-73.94207522
229046,40.78958393,-73.94195205
229049,40.78949848,-73.94174928
216836,40.78908088,-73.94271654
244398,40.79047488,-73.9392842
229047,40.78955358,-73.94188004
229045,40.78961214,-73.942019
244399,40.79037402,-73.93935767
156212,40.78755528,-73.94740584
216837,40.7890451,-73.94263116
72192,40.79642805,-73.9483855
229104,40.78914686,-73.94056415
229251,40.7902166,-73.94259206
216750,40.78846669,-73.94106034
255274,40.79048046,-73.93958801
243956,40.78962795,-73.93751365
255402,40.79162266,-73.94153701
243963,40.7902403,-73.9370884
255275,40.79062734,-73.93948076
243955,40.78949001,-73.93758654
243696,40.78806193,-73.93816655
255276,40.79074181,-73.93939716
255273,40.79016008,-73.93982197
243954,40.78940337,-73.93762835
243697,40.78824461,-73.93808594
255272,40.78998729,-73.93994815
243960,40.79005573,-73.93722046
244159,40.7919361,-73.93589028
244160,40.7919931,-73.93602626
229250,40.79028197,-73.94254462
255404,40.79099807,-73.94199863
244161,40.79202186,-73.93609489
243953,40.78913419,-73.93774962
243968,40.79063051,-73.9367469
243973,40.79099061,-73.9364312
243959,40.78992382,-73.93731481
243962,40.79017919,-73.93713214
243957,40.78972882,-73.93745163
243971,40.79085258,-73.93655135
243964,40.79029933,-73.93704251
74012,40.79426078,-73.94300273
243961,40.79011673,-73.93717682
243972,40.79090729,-73.93650373
243969,40.79074384,-73.936646
243965,40.7904596,-73.9369011
243967,40.79057279,-73.936799
255479,40.79183125,-73.93944352
255480,40.79188406,-73.93956769
255482,40.79196664,-73.93976182
255483,40.79204706,-73.9399509
255481,40.79193393,-73.93968492
255475,40.79161502,-73.9389352
244164,40.79214075,-73.93637856
255478,40.79179545,-73.93935938
216793,40.7892677,-73.94146105
255485,40.79215591,-73.9402068
255476,40.79167253,-73.93907039
216751,40.78852614,-73.9410167
244157,40.79187872,-73.93575334
244158,40.79190734,-73.93582165
255403,40.79107943,-73.94193849
244086,40.7915809,-73.93591235
244165,40.79217017,-73.93644877
244162,40.79208097,-73.93623593
243708,40.78908912,-73.94029417
243952,40.78905597,-73.93778348
243970,40.79079695,-73.93659977
255477,40.79170242,-73.93914067
255484,40.79209023,-73.94005238
216706,40.78837778,-73.94130634
243706,40.78937067,-73.94008796
243707,40.78927906,-73.94015506
244166,40.79219893,-73.93651739
216841,40.78890699,-73.94230164
216842,40.78886882,-73.94221057
244308,40.79207922,-73.93779085
216849,40.78842839,-73.94115973
243966,40.79051575,-73.93685046
244163,40.79211066,-73.93630677
255217,40.79018185,-73.94116133
244168,40.79224691,-73.93663188
244307,40.79211694,-73.93787895
255216,40.7902307,-73.94127724
244167,40.79222199,-73.93657242
255213,40.79053414,-73.94199736
255215,40.79030789,-73.94146043
255218,40.79008017,-73.94092003
255214,40.79038641,-73.94164677
244309,40.79197954,-73.937558
244300,40.79246814,-73.93782581
216847,40.78850871,-73.94135137
255219,40.78994042,-73.9405884
244261,40.79222417,-73.9369897
244259,40.79207991,-73.9370957
244271,40.79261028,-73.93743027
216843,40.78882893,-73.94211538
244258,40.79199939,-73.93715486
244260,40.7921518,-73.93704287
216848,40.78846205,-73.94124006
244299,40.79257119,-73.9377516
255405,40.7909124,-73.94206194
282826,40.78923018,-73.93890713
255426,40.79145293,-73.94023064
255431,40.79114342,-73.93948729
282829,40.78956742,-73.93970664
255406,40.79082864,-73.94212384
282830,40.78962149,-73.93983484
282827,40.78930663,-73.93908837
255425,40.79157741,-73.94052963
282828,40.78945421,-73.93943824
255488,40.79238956,-73.9407561
255432,40.79109898,-73.93938055
255428,40.7912836,-73.93982397
255486,40.79224371,-73.94041322
255345,40.79156248,-73.94093185
255343,40.79094731,-73.9394465
255433,40.7911684,-73.9390924
255487,40.79227776,-73.94049327
255424,40.79162726,-73.94064936
255423,40.79171047,-73.94084921
255429,40.79122215,-73.93967637
216845,40.78865623,-73.94170333
255427,40.79131551,-73.93990061
255430,40.79118654,-73.93959086
229056,40.78910744,-73.94082138
229055,40.78915855,-73.94094266
243958,40.78986305,-73.93735828
450701,40.78685483,-73.9491211
450624,40.78701666,-73.95171391
450629,40.78671824,-73.9510042
450630,40.78667174,-73.95089361
450696,40.78707782,-73.94964716
450697,40.78703023,-73.94953489
450623,40.7870597,-73.95181629
444464,40.79338443,-73.94779695
450625,40.78697945,-73.95162543
450626,40.78694066,-73.95153317
444462,40.79318554,-73.94794163
444463,40.7932821,-73.94787139
450628,40.78676793,-73.95112238
444465,40.79348195,-73.947726
450703,40.78676152,-73.94890096
459502,40.79242207,-73.9412685
459503,40.79231001,-73.94135037
255344,40.79099459,-73.93956066
450695,40.78712274,-73.94975314
450698,40.78699681,-73.94945604
450699,40.78694921,-73.94934376
450702,40.78681125,-73.94901828
450632,40.7865705,-73.95065283
450705,40.78667676,-73.948701
450631,40.78662072,-73.95077227
450700,40.78689494,-73.94921571
450706,40.78663933,-73.9486127
459504,40.79221786,-73.9414177
450704,40.7867142,-73.94878931
450627,40.78682028,-73.95124688
459505,40.79210484,-73.94150027
459506,40.79091816,-73.94240648
459920,40.78367269,-73.94386839
531144,40.79285935,-73.95193
459919,40.78370686,-73.94394999
531143,40.79281936,-73.9518353
531137,40.79251885,-73.95112375
531141,40.79273803,-73.95164273
531140,40.79266124,-73.9514609
531139,40.79261724,-73.95135672
531136,40.79240846,-73.95086237
531135,40.79236046,-73.95074873
531138,40.79258498,-73.95128033
459918,40.78374287,-73.94403602
533196,40.78465384,-73.94226846
533195,40.7849819,-73.94304736
533023,40.78825127,-73.95235602
533024,40.78824465,-73.95241118
533027,40.78831885,-73.9525169
533028,40.78831223,-73.95257205
533034,40.78844686,-73.95289254
533022,40.78821039,-73.95232963
533029,40.78834569,-73.9526517
533030,40.7883863,-73.95267746
533035,40.78848164,-73.95297535
533025,40.78828553,-73.95243757
533032,40.78841313,-73.95281226
531002,40.79133098,-73.95193022
533031,40.78841976,-73.95275711
531004,40.79153687,-73.95242583
531003,40.79149027,-73.95231366
531007,40.79167036,-73.95274716
531142,40.79277936,-73.95174059
531005,40.79160006,-73.95257794
531006,40.79163824,-73.95266984
542997,40.79641973,-73.9494795
531075,40.7917386,-73.95121741
533020,40.788178,-73.95225251
542996,40.79652503,-73.94940468
533033,40.78845348,-73.95283739
533021,40.78821755,-73.95227574
533026,40.78827797,-73.95249051
560044,40.79283936,-73.93395475
542998,40.79636201,-73.94952051
560043,40.79342541,-73.93303045
560045,40.7927799,-73.93405125
560048,40.79253405,-73.93442531
560047,40.79259789,-73.93433252
531084,40.79159224,-73.95109249
531086,40.79140328,-73.95122871
531074,40.791779,-73.95131347
531088,40.79122563,-73.95135676
531085,40.79151473,-73.95114837
531087,40.79131758,-73.95129048
531072,40.79188718,-73.95157068
531073,40.79183349,-73.95144302
531071,40.79194845,-73.95171635
560046,40.79271883,-73.93414812
532908,40.79063487,-73.9485934
532904,40.79043043,-73.94810828
532906,40.79052706,-73.94833757
532907,40.79060293,-73.9485176
531254,40.79574364,-73.94846866
531253,40.79578025,-73.94855593
531255,40.79570982,-73.94838803
532911,40.79082094,-73.94903494
532909,40.79070088,-73.94875005
531252,40.79581897,-73.94864826
532905,40.79047089,-73.94820429
532910,40.79073868,-73.94883975
531256,40.79567268,-73.9482995
542999,40.79630984,-73.94955758
531205,40.7956847,-73.94998003
531206,40.79576318,-73.94992199
543635,40.79403536,-73.95030371
543633,40.79381741,-73.94979375
543634,40.79397132,-73.95015387
531251,40.79587441,-73.94878043
543636,40.79414864,-73.95056877
531249,40.79592455,-73.94889996
531250,40.79590094,-73.94884367
531248,40.79595479,-73.94897205
561799,40.78440059,-73.94372201
561800,40.78411313,-73.94389348
561802,40.78399325,-73.94398137
561801,40.78405271,-73.94393778
561798,40.78491417,-73.94330622
561797,40.78499233,-73.94324891
4698,40.78770435,-73.95113386
40877,40.78825178,-73.94851123
4709,40.79001789,-73.94977676
4674,40.78756,-73.9510498
4735,40.78923291,-73.94855584
4699,40.78774684,-73.951235
4708,40.78981858,-73.94992192
4733,40.78946619,-73.94838554
4697,40.78766027,-73.95102893
4661,40.78865675,-73.94974785
4672,40.78732224,-73.9504833
4656,40.78845652,-73.94927454
4659,40.78855663,-73.94951119
4671,40.78728814,-73.95040205
4676,40.78765605,-73.95127867
4731,40.7897518,-73.94845697
4685,40.78917145,-73.94876632
4690,40.78939584,-73.94929965
4678,40.78762413,-73.94977519
4727,40.79009163,-73.94926037
4662,40.78869012,-73.94982674
4729,40.78982788,-73.94863684
4689,40.78936393,-73.94922382
37483,40.78471256,-73.94207736
37485,40.78478266,-73.94224341
4686,40.7892334,-73.94891355
4669,40.78721238,-73.95022155
4693,40.78954472,-73.94965351
37423,40.78385321,-73.94332062
37424,40.78392408,-73.94322952
37426,40.78414811,-73.9429168
4673,40.7875194,-73.95095306
4675,40.78760325,-73.95115285
4710,40.79008801,-73.94972569
4696,40.78762416,-73.95094296
4660,40.78862337,-73.94966896
4663,40.7887929,-73.9500697
4695,40.78964733,-73.94989743
4694,40.78959975,-73.94978432
4658,40.78852326,-73.94943231
4677,40.78769639,-73.95137478
4691,40.7894312,-73.94938369
4728,40.78987487,-73.94874791
4723,40.78944368,-73.95019499
4670,40.78725073,-73.95031291
4730,40.78978837,-73.94854343
4734,40.78929339,-73.94851169
4724,40.78949838,-73.950155
4725,40.78955788,-73.9501115
4688,40.78931422,-73.94910565
37486,40.78481198,-73.94231286
4687,40.78926876,-73.9489976
4679,40.78755779,-73.94982331
4692,40.78948437,-73.94951007
4726,40.79018186,-73.94947369
37352,40.78459119,-73.94564091
4705,40.78671652,-73.95074414
37351,40.78453361,-73.94550372
4706,40.78664282,-73.95057081
37484,40.78474535,-73.94215502
4666,40.78807072,-73.95032884
4667,40.78794885,-73.95004034
4668,40.78790485,-73.94993617
37425,40.7840854,-73.94300576
4700,40.78712546,-73.95170601
37430,40.78454492,-73.94217514
4684,40.78734518,-73.95172276
37487,40.78488795,-73.9424928
4701,40.78697218,-73.95134547
4683,40.78743755,-73.95165598
4680,40.78797673,-73.94930276
4681,40.78789542,-73.94936301
37429,40.7844613,-73.94234049
37427,40.784223,-73.94278036
37422,40.78377547,-73.94342056
35149,40.78345276,-73.94437124
35055,40.78447557,-73.94575501
37428,40.7842853,-73.94266673
35050,40.78466903,-73.946213
35224,40.78416129,-73.94659377
4657,40.78848989,-73.94935342
35222,40.78408648,-73.9464163
35056,40.78443317,-73.94565464
4732,40.78953292,-73.94833684
4707,40.78976911,-73.94995795
35147,40.78360802,-73.94425709
35219,40.78393394,-73.9460544
35057,40.7844369,-73.94559284
35218,40.78389747,-73.94596787
35221,40.78404788,-73.94632472
35053,40.78455263,-73.94593745
35054,40.7845133,-73.94584433
35047,40.78477756,-73.94646993
37498,40.78563894,-73.94259464
4665,40.78894907,-73.95043889
37201,40.78550112,-73.94427511
4664,40.78888901,-73.9502969
35223,40.78412588,-73.94650977
37499,40.78560805,-73.94252138
4704,40.78684006,-73.95103472
35220,40.78401034,-73.94623566
35051,40.78463063,-73.94612209
37308,40.78413843,-73.9442184
35052,40.78458797,-73.94602109
35108,40.78325724,-73.94394426
4703,40.7868686,-73.95110185
35150,40.78330373,-73.94448081
35148,40.78353039,-73.94431417
35111,40.78344339,-73.94378969
35112,40.78350978,-73.94373457
35213,40.78352098,-73.94514545
35058,40.7841057,-73.9448088
37200,40.78553902,-73.94436473
74099,40.79053113,-73.94445893
37299,40.78511416,-73.94631456
35212,40.78347146,-73.94502798
35059,40.7840053,-73.94457113
40876,40.78821559,-73.94842449
35216,40.78377137,-73.94573945
35075,40.78316131,-73.94415037
35064,40.78379122,-73.94447165
37307,40.7842066,-73.94416865
47468,40.78727106,-73.94450849
37300,40.78504593,-73.94636415
40576,40.78893473,-73.94848059
40722,40.78745243,-73.95411198
40880,40.78650757,-73.95223147
40882,40.78638022,-73.9519288
37503,40.7853873,-73.94199783
40893,40.79095785,-73.95299091
35214,40.78357236,-73.94526735
40899,40.79062165,-73.95219311
35215,40.78367113,-73.94550166
4702,40.78693828,-73.95126573
40723,40.78751396,-73.95406734
40891,40.79101774,-73.95313304
40898,40.79064987,-73.95226007
35065,40.78346887,-73.94470911
40901,40.79056442,-73.9520573
40897,40.79070604,-73.95239335
40890,40.79105155,-73.95321327
40883,40.78630365,-73.95174683
40385,40.78682611,-73.95298771
40604,40.78821943,-73.95568238
40602,40.78805764,-73.95575978
35217,40.78385842,-73.94594598
35110,40.78338769,-73.94383595
40601,40.78802875,-73.9558197
40900,40.79059264,-73.95212426
40885,40.78619052,-73.95147797
40725,40.78772018,-73.95391773
40724,40.78758895,-73.95401294
40800,40.78714033,-73.95235266
40431,40.78733552,-73.95247098
40433,40.78741658,-73.95266661
40414,40.78896977,-73.95300604
40523,40.78801792,-73.95409144
40432,40.78737467,-73.95256547
40430,40.78731555,-73.95242279
40415,40.78904468,-73.95295145
40416,40.78939043,-73.95269949
40884,40.78622721,-73.95156517
40603,40.78811591,-73.95575693
40420,40.79014052,-73.95215288
40422,40.7903302,-73.95201464
40608,40.7883846,-73.95556343
40605,40.7882647,-73.95561067
40872,40.78794127,-73.94776699
40606,40.78832634,-73.95560539
40610,40.78844383,-73.95548167
40609,40.78843757,-73.95552529
40418,40.79001374,-73.95224526
40419,40.79007713,-73.95219907
40524,40.78808251,-73.954245
40417,40.7894591,-73.95264945
40535,40.79091298,-73.95345582
40536,40.79084898,-73.95350204
37505,40.78531367,-73.9418232
40522,40.7879924,-73.95403077
40799,40.78682193,-73.95258313
40537,40.79078449,-73.9535486
40384,40.78677589,-73.95286826
40528,40.78827282,-73.95469747
37495,40.78559521,-73.9428488
40529,40.78832784,-73.95482828
37489,40.78496792,-73.9426822
40390,40.78707146,-73.95357138
40526,40.78817527,-73.95446555
40896,40.79081304,-73.95264728
40772,40.79089928,-73.9515955
37493,40.78547752,-73.94293517
40434,40.78745559,-73.95276078
37509,40.78511927,-73.94136217
40527,40.78820477,-73.95453569
40540,40.79053328,-73.95372998
40436,40.78753442,-73.95295103
37504,40.78534589,-73.94189962
40881,40.78644748,-73.95208866
37492,40.78511798,-73.94303766
40521,40.78794775,-73.95392461
37494,40.78553145,-73.94289559
37490,40.78505254,-73.94288266
40892,40.79099086,-73.95306924
40388,40.78698751,-73.95337166
40539,40.79059584,-73.95368481
51494,40.78616113,-73.9438417
40871,40.78789768,-73.94766253
40435,40.78748739,-73.95283751
37507,40.78518438,-73.94151659
40611,40.78853195,-73.95545732
40767,40.79063217,-73.9517913
37491,40.78508533,-73.94296032
47335,40.78609183,-73.94248429
40542,40.79017884,-73.95398589
40771,40.79082639,-73.95164893
40768,40.79068156,-73.95175509
40769,40.79073,-73.95171959
51492,40.78606667,-73.94361744
40770,40.79077843,-73.95168408
40862,40.78685936,-73.9520806
40538,40.79065888,-73.95363929
51565,40.78674395,-73.94298548
40878,40.78830514,-73.94863913
51564,40.78671811,-73.94292341
51572,40.78712119,-73.94389161
51574,40.78719279,-73.94406359
51501,40.78645622,-73.94454226
51562,40.78659456,-73.94262665
37510,40.78508412,-73.94127881
40530,40.78838791,-73.9549711
51563,40.78665666,-73.94277582
40525,40.78814391,-73.95439098
37508,40.78515136,-73.94143828
51571,40.78705448,-73.94373135
51573,40.78715561,-73.94397427
40895,40.79085963,-73.95275783
51368,40.78603266,-73.94522183
47537,40.78669005,-73.94483443
40894,40.79092511,-73.95291322
51697,40.78742074,-73.94292423
51698,40.78745346,-73.94300194
47536,40.78673496,-73.94494123
51622,40.78662311,-73.94240651
51376,40.78567183,-73.94436856
51694,40.78732272,-73.94269142
40541,40.79025343,-73.95393203
40875,40.7881757,-73.94832889
51375,40.78573001,-73.94450614
51369,40.7859993,-73.94514294
51366,40.78609991,-73.94538087
35048,40.7847413,-73.94638407
51701,40.78759084,-73.94332826
51689,40.78714051,-73.94225865
51691,40.78720528,-73.94241249
51699,40.78748671,-73.94308091
51693,40.78728907,-73.9426115
51690,40.78717243,-73.94233446
51695,40.78735557,-73.94276944
51367,40.78606629,-73.94530135
51692,40.7872376,-73.94248925
47417,40.78654881,-73.94094771
51568,40.78688557,-73.94332563
47455,40.78656331,-73.94283677
35049,40.7847053,-73.94629885
40874,40.78813463,-73.94823044
51567,40.78684707,-73.94323315
51569,40.78694253,-73.94346246
51570,40.78699567,-73.94359009
51566,40.78677903,-73.94306973
35073,40.78322983,-73.94431178
51370,40.78596567,-73.94506342
51371,40.78589895,-73.94490564
51373,40.78582502,-73.94473082
51372,40.78585865,-73.94481034
51374,40.78575803,-73.94457241
47336,40.78600497,-73.94254776
51688,40.78710766,-73.94218063
51696,40.78738815,-73.94284684
51700,40.78751836,-73.9431561
47328,40.78688344,-73.94190592
40589,40.78841056,-73.9552867
40590,40.78830715,-73.95536155
40592,40.78803877,-73.95555581
47329,40.78681482,-73.94195606
47331,40.78658446,-73.94212436
47333,40.78623772,-73.9423777
74300,40.79110051,-73.94378783
51575,40.78723802,-73.94417222
47454,40.78651897,-73.94273204
40776,40.78808976,-73.94736447
40544,40.78994591,-73.95415407
47456,40.78659857,-73.94292006
40774,40.78820638,-73.94727854
74106,40.79018097,-73.94362755
40873,40.78797534,-73.94784866
47467,40.78720428,-73.94435075
51488,40.78589065,-73.94319957
51490,40.78596622,-73.94337897
47459,40.78678904,-73.94336993
51489,40.78592365,-73.9432779
51491,40.78599682,-73.94345162
40387,40.78693756,-73.95325284
40386,40.78686782,-73.95308694
51496,40.78626757,-73.94409438
47334,40.78616574,-73.94243029
47412,40.78623729,-73.9401337
47465,40.78706885,-73.94403085
47462,40.78689795,-73.94369768
40762,40.78773564,-73.95366838
40787,40.79127829,-73.95208122
47418,40.78665039,-73.94111896
40599,40.78870179,-73.95349727
40596,40.78892327,-73.95401701
40785,40.79113426,-73.95174033
40790,40.79139085,-73.95234762
40789,40.79135031,-73.95225167
40593,40.78912891,-73.95449958
40788,40.79130923,-73.95215445
40786,40.79116253,-73.95180724
40784,40.79110599,-73.95167341
40763,40.7876543,-73.95372708
40597,40.78886153,-73.95387211
40765,40.78745985,-73.95386739
40595,40.78898556,-73.95416316
47457,40.78663891,-73.94301533
40791,40.79141779,-73.95241138
40598,40.78874985,-73.95361003
40594,40.78905401,-73.95432381
40546,40.78936697,-73.95457206
47338,40.78587491,-73.94264278
40879,40.78834291,-73.94872966
47411,40.78615323,-73.93993323
51493,40.78609781,-73.94369135
51495,40.78623324,-73.94401289
47458,40.7866723,-73.9430942
35145,40.78377933,-73.94413114
40446,40.7908933,-73.95312804
35107,40.78319364,-73.94399706
47332,40.78651199,-73.94217731
40773,40.78829739,-73.94721149
40778,40.78791135,-73.94749593
51703,40.78765761,-73.94348684
40443,40.7905907,-73.95240896
35226,40.78423424,-73.94676683
40444,40.79081672,-73.95294606
40440,40.78769048,-73.95332771
51704,40.78769112,-73.94356644
37500,40.78549594,-73.9422555
51706,40.78778502,-73.94378946
37501,40.78546346,-73.94217845
47419,40.78669016,-73.94121382
47420,40.78673072,-73.94131058
40545,40.78956332,-73.9544303
35225,40.78419803,-73.94668093
37298,40.78565414,-73.94588293
40543,40.79001954,-73.9541009
40547,40.78928131,-73.95463391
47414,40.78632664,-73.94034681
40445,40.79085846,-73.95304526
40777,40.78802797,-73.94741
40766,40.78740113,-73.95390977
35109,40.78332339,-73.94388933
35146,40.78369978,-73.94418963
47460,40.78685448,-73.94352451
47464,40.78701583,-73.94390561
47461,40.78690871,-73.94365259
47463,40.78696187,-73.94377815
4682,40.78757033,-73.95155997
37375,40.78374331,-73.94363089
40775,40.78814867,-73.94732107
47542,40.7863892,-73.94411907
40441,40.78772385,-73.95340824
40585,40.78852482,-73.94750452
40587,40.78845049,-73.94732751
47543,40.78633525,-73.94399079
47545,40.78617938,-73.94362015
40421,40.79026777,-73.95206014
40437,40.78758329,-73.95306898
37373,40.7838528,-73.94388627
40607,40.78837208,-73.95553334
37506,40.78527985,-73.941743
40389,40.78703427,-73.95348289
37488,40.78493286,-73.94259918
51705,40.78772437,-73.94364541
74200,40.79365389,-73.94351023
74336,40.79309643,-73.94439652
51702,40.78762436,-73.94340786
71432,40.79077931,-73.95058152
40442,40.78777088,-73.95352175
40583,40.78860155,-73.94768721
74095,40.79073601,-73.94494538
74104,40.7902576,-73.94380949
71482,40.79337045,-73.94700731
40586,40.78849695,-73.94743814
51623,40.78669445,-73.9423546
71470,40.79217088,-73.94867674
74226,40.79235124,-73.94458295
40577,40.78889942,-73.94839651
40584,40.78855217,-73.94756963
40580,40.7887096,-73.94794451
71483,40.79332455,-73.9468971
40588,40.78841704,-73.94724786
74224,40.79229374,-73.94444651
74421,40.79022939,-73.94348068
74423,40.79030008,-73.94364796
47538,40.78665523,-73.94475164
74225,40.79232036,-73.94450968
74420,40.79017178,-73.94334432
74318,40.79614562,-73.943836
74424,40.79033369,-73.9437275
71484,40.79327416,-73.94677611
74283,40.79532405,-73.94357294
47549,40.78602417,-73.9432511
74425,40.7903641,-73.94379947
74165,40.79599527,-73.94516817
74085,40.79054324,-73.94617665
47548,40.78605845,-73.94333262
47546,40.78612489,-73.94349061
47550,40.78598483,-73.94315758
47547,40.78609167,-73.94341161
47544,40.78628807,-73.94387861
74351,40.79189695,-73.94571325
74195,40.79391538,-73.94412967
74082,40.79074494,-73.94665634
74288,40.79505831,-73.94294461
74080,40.7908624,-73.94693568
74198,40.79381382,-73.94388909
74337,40.79299564,-73.94415786
74287,40.79509195,-73.94302414
40438,40.78762375,-73.95316663
71433,40.79073514,-73.95047666
74196,40.793881,-73.94404821
74289,40.79500493,-73.94281838
74197,40.79384741,-73.94396865
71485,40.79323063,-73.9466716
74210,40.79294538,-73.94350985
71487,40.79313328,-73.94643787
74102,40.79036536,-73.94406535
71431,40.79085222,-73.95075462
74353,40.79175908,-73.94538685
74083,40.79070535,-73.94656217
74334,40.79322121,-73.944692
74329,40.78925266,-73.94700888
71430,40.79091303,-73.95089897
74101,40.79041592,-73.94418538
74077,40.7904405,-73.94619164
74078,40.79033962,-73.94595265
74103,40.79032093,-73.94395985
74086,40.79047574,-73.94601613
71428,40.79315553,-73.94748144
74100,40.79049415,-73.94437112
74075,40.79052539,-73.94639275
74076,40.79048475,-73.94629646
71486,40.79318763,-73.94656835
74087,40.79041196,-73.94586445
74330,40.78931479,-73.94715639
71434,40.79068298,-73.95035284
74255,40.7897191,-73.9442222
74257,40.78979873,-73.94441105
74332,40.789473,-73.94753194
40579,40.78882641,-73.94822266
40581,40.78867588,-73.94786422
74105,40.79020891,-73.94369388
71427,40.79307451,-73.9475409
74268,40.78998044,-73.9470463
74267,40.79003561,-73.94717535
74427,40.79048387,-73.9440829
71469,40.7940511,-73.94929663
74333,40.78964784,-73.94794698
74308,40.79358385,-73.94360335
74126,40.7942628,-73.94325785
74331,40.78939663,-73.94735064
74069,40.79078367,-73.9470046
47539,40.78658773,-73.94459113
74271,40.78977859,-73.94657417
71467,40.79381107,-73.94947179
74426,40.7903801,-73.94383734
74319,40.79618715,-73.94393372
40591,40.78810707,-73.95550637
74422,40.79024993,-73.94352928
74320,40.79624743,-73.94407557
72210,40.79106639,-73.94742084
74294,40.7917628,-73.94653393
74480,40.7918815,-73.95087748
74482,40.79207767,-73.95073678
74297,40.79203927,-73.94633057
74335,40.79316495,-73.94455878
71429,40.79334131,-73.94730582
51625,40.78687843,-73.94222073
51627,40.7869966,-73.94213474
37502,40.78542271,-73.94208182
74212,40.79320938,-73.94331711
74264,40.79019358,-73.94754487
74266,40.79008567,-73.94729243
74194,40.79409344,-73.94455147
74483,40.79216491,-73.9506742
74296,40.79193433,-73.94640776
74096,40.79070382,-73.94486894
74098,40.79060377,-73.9446314
74391,40.79265236,-73.94503394
74321,40.79632514,-73.9442584
74168,40.7956031,-73.94423604
74286,40.79515574,-73.94317499
74346,40.79694953,-73.94717988
74074,40.79058736,-73.94653956
74097,40.79067056,-73.94478997
74450,40.79054735,-73.9481339
74350,40.79195508,-73.94585089
71536,40.79257277,-73.95013606
74449,40.79049234,-73.94800349
74265,40.79013976,-73.94741897
74084,40.79066681,-73.94647053
71511,40.79446103,-73.94958437
74317,40.79611212,-73.9437572
74123,40.78993903,-73.94601297
73998,40.79299537,-73.9423598
74270,40.78982111,-73.94667363
73996,40.79310515,-73.94261874
73999,40.79294179,-73.94223342
74269,40.78985664,-73.94675672
74154,40.78977536,-73.94630505
51624,40.78676698,-73.94230182
73997,40.79304893,-73.94248615
74227,40.79237839,-73.94464739
74340,40.79739035,-73.94689811
74451,40.79060222,-73.94826399
71509,40.79432899,-73.94927269
71512,40.79451796,-73.94971875
74121,40.79014196,-73.94586447
71513,40.79457275,-73.94984809
74311,40.79374353,-73.94398363
51626,40.78693703,-73.94217808
74089,40.79089048,-73.94284677
74155,40.7898096,-73.94638578
74157,40.7899356,-73.94668284
74158,40.78998522,-73.94679983
74410,40.79590059,-73.94548026
74452,40.79064298,-73.94836062
71510,40.79438779,-73.94941149
74315,40.79394887,-73.94447266
74411,40.79582874,-73.94553317
74412,40.79575448,-73.94558784
74251,40.78954601,-73.94381168
71516,40.79478764,-73.95035534
74249,40.78946398,-73.94361715
74341,40.79735409,-73.94692451
74122,40.79005081,-73.94593117
74285,40.79519205,-73.94326083
82928,40.78704078,-73.94981433
82934,40.78663848,-73.94886165
71488,40.79306232,-73.94626748
74310,40.79368699,-73.94384897
74092,40.79119368,-73.9435617
74159,40.7900208,-73.94688372
74160,40.79005999,-73.94697612
74309,40.7936323,-73.94371873
71514,40.79461017,-73.94993641
71468,40.79387347,-73.94942625
74161,40.79009918,-73.94706851
74258,40.78983921,-73.94450705
74001,40.79280608,-73.94191329
71515,40.79473499,-73.95023105
74414,40.79553891,-73.94574656
74250,40.78950579,-73.94371631
74124,40.78985556,-73.94607406
74253,40.78962244,-73.94399294
74254,40.78966957,-73.94410473
74065,40.79398274,-73.94306272
40860,40.78700345,-73.9519757
74209,40.7928945,-73.943547
71535,40.79308863,-73.94975899
82933,40.78672059,-73.9490561
74204,40.79208833,-73.94413556
74314,40.79392445,-73.9444145
47349,40.78550633,-73.94202277
71538,40.79242497,-73.95024409
82929,40.78696987,-73.9496464
74211,40.79300778,-73.94346429
74167,40.79568553,-73.94443194
51497,40.78629777,-73.94416608
47413,40.78629217,-73.9402646
51506,40.78665818,-73.94502173
51498,40.7863313,-73.94424567
47540,40.78650587,-73.94439649
51502,40.78649959,-73.94464523
47410,40.78612009,-73.93985418
51505,40.78660975,-73.94490676
47415,40.78637092,-73.94045242
51500,40.78642456,-73.94446709
40600,40.78865615,-73.95339017
51499,40.78637121,-73.94434043
74316,40.79400196,-73.94459911
47466,40.78713723,-73.94419238
51504,40.78658181,-73.94484043
74312,40.79379344,-73.94410249
47416,40.78648308,-73.94071992
51503,40.78653152,-73.94472104
74073,40.79064267,-73.94667057
74030,40.79529443,-73.94544859
74290,40.79497076,-73.94273759
71788,40.79500452,-73.94892105
82931,40.78682724,-73.94930863
47330,40.78674139,-73.9420097
71790,40.79507786,-73.94909549
74207,40.79242553,-73.94388938
74292,40.79488587,-73.94253688
74109,40.79006655,-73.9433559
74295,40.79182078,-73.94649129
74349,40.79209295,-73.94617729
74453,40.79067575,-73.9484383
74134,40.79582559,-73.9450157
71954,40.79659686,-73.94684734
74107,40.79014265,-73.94353658
74293,40.79170626,-73.94657552
74137,40.79594676,-73.94530309
74114,40.79183297,-73.94463335
71537,40.79249551,-73.95019253
74461,40.79659053,-73.94888392
40863,40.78675417,-73.95215718
74291,40.7949123,-73.94259936
74081,40.79078481,-73.94675114
71534,40.7931539,-73.94971129
74127,40.79449581,-73.94380805
74000,40.79289406,-73.94212082
74435,40.79703726,-73.94761671
74437,40.7971577,-73.94790382
74202,40.79191696,-73.94426066
74108,40.79011924,-73.94348099
74136,40.79590682,-73.94520834
74342,40.79729151,-73.94693086
74345,40.79703022,-73.94712112
35074,40.78319852,-73.94423801
40861,40.78694726,-73.95201661
37199,40.78582317,-73.94510718
74344,40.79712484,-73.94705222
72183,40.79244807,-73.9506886
74135,40.79586687,-73.9451136
40764,40.78759077,-73.95377292
74166,40.79594741,-73.94505441
74259,40.78996171,-73.94479757
37306,40.7847713,-73.94379579
71651,40.79488532,-73.95031198
74143,40.79483439,-73.94266675
74094,40.79130723,-73.94382944
82932,40.78675925,-73.94914764
71956,40.79641903,-73.94642701
74171,40.79787932,-73.94796468
74369,40.79563633,-73.94262601
71466,40.79469868,-73.94822104
74064,40.79717201,-73.94626253
74061,40.7970384,-73.94594786
72020,40.79264762,-73.94748484
71787,40.79493463,-73.94875482
71465,40.7947353,-73.9483083
71789,40.79504438,-73.94901585
71716,40.7945672,-73.94891872
71711,40.79369302,-73.95143875
74133,40.79575634,-73.94485147
71712,40.79382506,-73.95134247
71714,40.79406753,-73.95116566
74093,40.7912445,-73.94368153
71713,40.79394125,-73.95125774
74433,40.79082009,-73.94487862
74132,40.79572172,-73.94476936
71715,40.79444717,-73.94900625
74431,40.79075074,-73.94471449
72184,40.79257761,-73.95099465
71718,40.79473357,-73.94879739
71719,40.79479215,-73.94875468
74464,40.79116489,-73.94481017
74466,40.7913107,-73.94470411
71717,40.79463826,-73.9488669
74367,40.7954548,-73.9421931
74432,40.79078542,-73.94479656
71707,40.79507073,-73.94831004
71706,40.79498459,-73.94837374
74447,40.79145039,-73.94637861
71657,40.79448998,-73.94938095
71631,40.79481526,-73.94820934
71708,40.79514921,-73.948252
71630,40.79476844,-73.94809896
74144,40.79489305,-73.94280647
74383,40.79108608,-73.945174
71927,40.79551178,-73.94986894
74368,40.79554523,-73.94240876
71628,40.79463416,-73.94778232
74162,40.79016365,-73.94722051
71632,40.79485859,-73.94831153
74110,40.79000322,-73.94320555
74459,40.79650398,-73.94906285
74457,40.79650995,-73.94926415
74392,40.79268411,-73.94510906
74460,40.79654147,-73.94895053
74458,40.79649478,-73.94916994
74382,40.79117136,-73.94511124
47541,40.78642747,-73.94421007
40582,40.78864217,-73.94778393
74443,40.79104075,-73.94540644
47351,40.78528477,-73.9414965
71656,40.79458128,-73.94959598
71658,40.79440121,-73.94917192
47353,40.78520471,-73.94130634
71652,40.79474368,-73.94997841
71653,40.79468972,-73.94985135
71654,40.79463523,-73.94972303
40439,40.78765685,-73.95324654
40578,40.78886199,-73.94830737
74228,40.79241167,-73.94472635
74327,40.78823431,-73.94452269
74465,40.79124008,-73.94475548
74140,40.79115665,-73.94594017
72042,40.79561145,-73.94841383
74141,40.79122058,-73.94609174
74172,40.79784657,-73.94788533
37374,40.78379778,-73.94375795
71953,40.79664225,-73.94695463
72030,40.79330927,-73.951039
74173,40.79777059,-73.94770125
74370,40.79568274,-73.94273668
71629,40.79468766,-73.94790847
71928,40.79548291,-73.9498004
74371,40.79578378,-73.94297764
74373,40.79590312,-73.94326224
71931,40.79534636,-73.94947632
40833,40.79126089,-73.95320768
74448,40.79043773,-73.94787402
74372,40.79583337,-73.94309591
71739,40.79322426,-73.9456444
74176,40.79761339,-73.94732039
74343,40.79720698,-73.94699242
71933,40.79526252,-73.94927732
74223,40.79121417,-73.94693315
74178,40.79750571,-73.9470595
47337,40.78594306,-73.94259299
74175,40.79765584,-73.94742322
74208,40.79255129,-73.94379756
71955,40.79644599,-73.94649076
72019,40.79539802,-73.9463228
74062,40.79706571,-73.94601218
72214,40.79126585,-73.94789143
72176,40.79319553,-73.94830455
71438,40.79407935,-73.94903315
74152,40.7952416,-73.94363662
71621,40.79439959,-73.94715883
71436,40.79386728,-73.94918826
72216,40.79145916,-73.9483475
74060,40.79697093,-73.94578896
74328,40.78827657,-73.94462317
91201,40.78969004,-73.95048838
71613,40.79219262,-73.95003756
71624,40.7945098,-73.94741869
71760,40.79539776,-73.94792433
72177,40.79325698,-73.94845132
91129,40.78886515,-73.95181148
71762,40.79522886,-73.94751815
91195,40.78873932,-73.95117926
91202,40.78995144,-73.95029841
74260,40.79000538,-73.94490116
91199,40.78950239,-73.95062474
74090,40.79108776,-73.94331193
91196,40.78885993,-73.95109162
91198,40.7893395,-73.95074312
71612,40.79223502,-73.95013795
71627,40.79458122,-73.9475871
72178,40.79332426,-73.94861202
91131,40.78872103,-73.95146901
73983,40.79666873,-73.94676389
91197,40.78893201,-73.95103924
72022,40.79251683,-73.9471764
91203,40.79002448,-73.95024533
71614,40.79182548,-73.94916817
91127,40.78896061,-73.95203832
71761,40.79535534,-73.94782231
91132,40.78867702,-73.95136444
91130,40.78881888,-73.95170153
73984,40.79663267,-73.9466787
71495,40.79305797,-73.94846708
74179,40.79742084,-73.94692576
72129,40.79136787,-73.94839091
74063,40.79710025,-73.94609353
91200,40.78963069,-73.95053151
72023,40.79245986,-73.94704205
74199,40.79374985,-73.94373754
74338,40.79294897,-73.94404737
73986,40.7965448,-73.94647108
71740,40.79329524,-73.9455924
74142,40.79141451,-73.9465515
71932,40.79531336,-73.94939798
72036,40.79296435,-73.95023891
47354,40.78512331,-73.94111302
91125,40.7891034,-73.95237763
73985,40.79657845,-73.9465506
72032,40.79313891,-73.95064383
74148,40.79505525,-73.94319278
47352,40.78524513,-73.94140237
74032,40.79525043,-73.94534442
71625,40.79454404,-73.94749943
72175,40.79313116,-73.94815082
71930,40.79538416,-73.94956602
71926,40.79553933,-73.94993432
71626,40.79452742,-73.94753066
74323,40.79643365,-73.94451373
71765,40.79511133,-73.94723554
74033,40.79522376,-73.94528129
74035,40.79513708,-73.9450761
74463,40.79109595,-73.94486032
74036,40.79494505,-73.94462154
71623,40.7944769,-73.94734111
74170,40.79792137,-73.94806656
74031,40.79527176,-73.94539493
74456,40.79081559,-73.94876985
74481,40.79197983,-73.95080696
71435,40.79377036,-73.94925915
74020,40.79782897,-73.94838422
71948,40.79310747,-73.95028793
71764,40.79509794,-73.94727482
93599,40.78811964,-73.95244762
91126,40.78906006,-73.95227463
74003,40.79264348,-73.94152977
72021,40.7925869,-73.94734166
71437,40.79397811,-73.9491072
74059,40.79686998,-73.94555123
71951,40.79323089,-73.95058234
71949,40.79315387,-73.95039861
71958,40.79636509,-73.94629953
71952,40.79334848,-73.95086284
74256,40.78975958,-73.94431821
74177,40.79756519,-73.94720359
74445,40.79114136,-73.94564522
74413,40.79561077,-73.94569365
72139,40.79169316,-73.94695423
91205,40.79021092,-73.95010984
74169,40.79795753,-73.94815416
72124,40.79104531,-73.94762733
73987,40.7965042,-73.94637516
71767,40.79505868,-73.94718041
71957,40.79639206,-73.94636327
71950,40.79319059,-73.95048621
74034,40.79516375,-73.94513924
74222,40.79128901,-73.94687838
72033,40.79309815,-73.95054927
74455,40.79076791,-73.94865681
71822,40.79374342,-73.94592747
74454,40.79072662,-73.94855892
71768,40.79502495,-73.9470993
74044,40.79173735,-73.94484996
73988,40.79644811,-73.94624264
73991,40.79628597,-73.94585959
72031,40.79317426,-73.95072582
72142,40.79190141,-73.94744813
72123,40.79101544,-73.94755663
71766,40.79507712,-73.94722477
74070,40.79075302,-73.94693198
74156,40.78988477,-73.94656301
74163,40.79020431,-73.94731638
71959,40.79628471,-73.94610956
74043,40.79187894,-73.94518686
74428,40.79060884,-73.94437865
74429,40.79064565,-73.94446577
82930,40.78686003,-73.94938629
47647,40.7862247,-73.94269707
72028,40.79343345,-73.95132707
74339,40.78944183,-73.94606702
47649,40.78634933,-73.94260557
74430,40.79068592,-73.94456109
72125,40.79116572,-73.94791237
47644,40.78598286,-73.94287461
72126,40.7912132,-73.94802474
91128,40.78891049,-73.95191921
72035,40.79301473,-73.95035577
91206,40.79029549,-73.95004838
71440,40.79463256,-73.94862851
74313,40.79386724,-73.94427825
73990,40.79634714,-73.9460041
73989,40.79639442,-73.9461158
74039,40.79216263,-73.94586193
47648,40.78628989,-73.94264921
71960,40.7962046,-73.94592023
47645,40.78603798,-73.94283414
71763,40.79516219,-73.94735784
47646,40.78608856,-73.94279701
72027,40.79348491,-73.95144644
72029,40.79336371,-73.95116529
71710,40.79533393,-73.9481154
74037,40.79223648,-73.94603765
74042,40.79192383,-73.94529368
71835,40.79017374,-73.94919547
71447,40.79063292,-73.94932579
71445,40.79042582,-73.94947632
71837,40.79026225,-73.94940591
71947,40.79307102,-73.95020097
51383,40.78563375,-73.94312946
71934,40.79522592,-73.94919046
71836,40.79020856,-73.94927826
71497,40.79249256,-73.9523163
71936,40.79511746,-73.94893303
71496,40.79242085,-73.95237029
71831,40.78988453,-73.94850792
74284,40.79524557,-73.94338738
83085,40.78613047,-73.94879113
71471,40.79253735,-73.94840988
71935,40.79515738,-73.94902779
71500,40.79277177,-73.9521061
74174,40.7976971,-73.9475232
72050,40.7960545,-73.94946906
40864,40.78660863,-73.95226313
83082,40.78635595,-73.94862764
71498,40.79257547,-73.95225389
83245,40.78636382,-73.95016382
93518,40.78821607,-73.95331069
71474,40.79280367,-73.94821594
71439,40.79438978,-73.94880609
74125,40.7942123,-73.9431386
71938,40.79502922,-73.94872361
83083,40.78626556,-73.94869318
83084,40.78617662,-73.94875767
74040,40.79210871,-73.94573362
74068,40.79081325,-73.94707468
74041,40.79199661,-73.94546687
74262,40.79017634,-73.94530663
74282,40.78955115,-73.9462964
72049,40.79596889,-73.94926516
71937,40.7950762,-73.94883511
74261,40.79013187,-73.94520116
72128,40.79131934,-73.94827601
72213,40.79120115,-73.94773877
71615,40.79247709,-73.94660613
74232,40.79272764,-73.94547616
71791,40.79516821,-73.94931039
71446,40.79051904,-73.94940856
74002,40.79275821,-73.94180038
74130,40.795502,-73.94424828
93510,40.78832188,-73.951486
71833,40.79005837,-73.94892121
71472,40.79265406,-73.94832489
72043,40.79562685,-73.9484505
72076,40.79245779,-73.95045766
74348,40.79250341,-73.94413961
83251,40.78605689,-73.94943143
71923,40.79337932,-73.94978699
74434,40.79697651,-73.94747189
83244,40.78640093,-73.95025236
93517,40.78828493,-73.95326113
71925,40.79307791,-73.95000714
72044,40.79565605,-73.94852005
74446,40.79119992,-73.94578419
91259,40.79050089,-73.95028734
71924,40.79314462,-73.94995841
71618,40.79272724,-73.94720162
74066,40.79406327,-73.9430036
71830,40.78979734,-73.94830064
74393,40.79273533,-73.94523027
74053,40.79451677,-73.94266988
93511,40.7882403,-73.95154562
71616,40.79253711,-73.946749
91260,40.79061776,-73.95056546
93591,40.78798373,-73.95212518
74153,40.79528991,-73.94375169
74164,40.79603382,-73.9452598
83247,40.7862684,-73.94993613
83249,40.78617511,-73.9497135
71622,40.7944448,-73.94726542
93590,40.78798989,-73.95206907
71620,40.79284859,-73.94749052
83248,40.78622096,-73.94982292
47348,40.7855433,-73.94211059
74438,40.79724551,-73.94811314
91261,40.7906993,-73.95075951
47350,40.78543053,-73.94184272
47346,40.78567948,-73.94243406
74116,40.79210598,-73.94443218
74203,40.79203648,-73.94417341
74054,40.79458153,-73.94262248
74418,40.79006215,-73.94308487
74024,40.7963272,-73.94564307
74205,40.79232641,-73.94396174
83252,40.7860166,-73.9493353
72048,40.79587465,-73.94904071
71655,40.79460886,-73.94966092
74149,40.79509029,-73.94327623
93519,40.78811685,-73.95338209
91262,40.79079865,-73.95099591
71617,40.79261438,-73.94693296
93604,40.78821974,-73.95268511
71619,40.79279389,-73.9473603
74026,40.79646505,-73.94554269
74263,40.79336913,-73.9453619
74436,40.79708395,-73.94772801
93589,40.78795072,-73.95204686
93520,40.7880162,-73.95345453
71634,40.79319809,-73.95179937
71635,40.79329679,-73.95172601
93587,40.78791744,-73.95196791
93603,40.7882263,-73.95262994
83250,40.78613641,-73.94962117
83253,40.78593019,-73.94912912
73982,40.79672376,-73.94689389
74444,40.79109292,-73.94553025
74091,40.79114152,-73.9434387
93509,40.78838475,-73.95144006
93593,40.7880186,-73.95220792
74018,40.79762723,-73.94853697
71633,40.79310536,-73.95186828
74021,40.79787608,-73.94834856
74138,40.79094328,-73.94543431
74299,40.79106329,-73.94369936
71840,40.79585856,-73.94678891
71842,40.79596262,-73.94703675
74206,40.79236961,-73.9439302
83086,40.78608768,-73.94882216
93600,40.78815868,-73.95246951
93602,40.78819236,-73.95254941
74022,40.79792413,-73.94831217
83246,40.78632672,-73.95007527
93592,40.78802344,-73.95214865
93588,40.78795621,-73.95198917
91204,40.79014893,-73.95015489
93601,40.78815398,-73.9525291
72034,40.79306199,-73.9504654
74231,40.79255142,-73.94505798
71929,40.79544418,-73.94970848
74230,40.79251682,-73.94497586
72215,40.79137334,-73.94814501
74229,40.79245506,-73.94482931
74072,40.79068305,-73.94676623
72127,40.791266,-73.94814974
74115,40.79202072,-73.944495
109557,40.78791863,-73.95130918
71636,40.7933833,-73.95166171
74322,40.79638409,-73.9443971
74016,40.79753326,-73.94860812
72211,40.79109312,-73.94748392
74017,40.79757941,-73.94857318
74019,40.79768623,-73.9484923
71839,40.79571336,-73.94644306
72041,40.79558185,-73.94834333
74439,40.7973304,-73.9483155
110775,40.78885978,-73.95416262
110776,40.78888845,-73.95423295
74440,40.79736463,-73.94839708
110774,40.78883358,-73.95409833
72047,40.79580165,-73.94886684
74025,40.79640069,-73.94558956
71838,40.79565814,-73.94631155
110773,40.78880958,-73.95403945
40830,40.7914365,-73.95307926
72025,40.79230125,-73.94666801
74233,40.79278168,-73.94560439
72212,40.7911581,-73.94763721
74442,40.79743201,-73.94855771
74441,40.79739168,-73.94846159
74354,40.79162148,-73.94506108
74352,40.79185482,-73.9456135
109556,40.78825766,-73.95105914
74038,40.79218999,-73.94592704
71448,40.79070884,-73.9492706
71709,40.79526932,-73.94816318
71939,40.79495241,-73.94511313
110772,40.78878286,-73.95397389
71834,40.79009798,-73.94901537
71473,40.79272658,-73.94827207
71940,40.79499354,-73.94520948
71832,40.79002036,-73.94883084
72045,40.79570104,-73.94862721
47347,40.78563799,-73.9423355
74359,40.79619346,-73.94526929
93512,40.78808338,-73.95166029
72024,40.79234538,-73.94677209
74357,40.79643111,-73.94509594
72026,40.79225738,-73.94656457
71820,40.79366157,-73.9457328
40829,40.79155934,-73.95298944
93539,40.78750079,-73.95259718
74419,40.79011243,-73.94320387
71819,40.79362198,-73.94563863
72046,40.79577537,-73.94880425
71499,40.79268339,-73.95217264
71818,40.79358185,-73.94554319
71821,40.79370117,-73.94582697
71741,40.79336191,-73.94554356
110778,40.78904592,-73.95461931
74147,40.79502233,-73.94311438
110771,40.78873538,-73.95385742
74151,40.79520364,-73.9435462
74131,40.79554195,-73.94434302
93597,40.78808596,-73.95236772
110777,40.78896005,-73.95440863
83087,40.78604633,-73.94885213
93532,40.78785905,-73.95345564
40831,40.79138516,-73.9531168
74355,40.79158308,-73.94497017
110770,40.7886796,-73.95372057
93605,40.78825892,-73.95270732
93595,40.78805162,-73.95228624
93596,40.78809146,-73.95231003
93504,40.78891854,-73.95234124
93502,40.78898139,-73.95249359
93598,40.78812514,-73.95238993
40531,40.7884039,-73.95507997
93535,40.78768983,-73.95305015
93536,40.78765786,-73.95297355
113992,40.78598613,-73.94900584
93534,40.78773963,-73.95316949
93533,40.78778006,-73.95326635
93506,40.78885386,-73.95218445
93606,40.78830231,-73.95281027
93503,40.78894997,-73.95241741
93505,40.78888659,-73.9522638
125331,40.79645174,-73.94754301
40497,40.787738,-73.9551564
93541,40.78739326,-73.95233952
40490,40.78737803,-73.95429587
93607,40.78834863,-73.95292018
113993,40.78601465,-73.9490734
113995,40.78620204,-73.94951725
93507,40.78858543,-73.95153382
93608,40.78839229,-73.95302376
93537,40.78762061,-73.95288428
40496,40.78768241,-73.95502352
40491,40.78742832,-73.95441609
40494,40.78757654,-73.95477043
74146,40.79499207,-73.9430423
40499,40.78784467,-73.95541139
40492,40.78747728,-73.95453315
125330,40.7966197,-73.94742023
40498,40.78778167,-73.9552608
113998,40.78636063,-73.94989291
40495,40.7876308,-73.95490014
72140,40.7917379,-73.94706034
110769,40.78864899,-73.95364546
74049,40.7931754,-73.94365236
125332,40.7964028,-73.94757879
110768,40.78857362,-73.95346056
114000,40.78644353,-73.95008926
113997,40.78630732,-73.94976664
113999,40.78640595,-73.95000024
74347,40.79273002,-73.94397432
91281,40.79062346,-73.95156343
110971,40.78840867,-73.95474877
113994,40.78604104,-73.9491359
125329,40.79667056,-73.94738305
74358,40.7963591,-73.94514847
71841,40.79588882,-73.94686098
110970,40.78843494,-73.95481218
110969,40.78847041,-73.95489779
125333,40.79634905,-73.94761808
93594,40.78805725,-73.95222887
91280,40.7907316,-73.95148493
91282,40.79053886,-73.95162483
93545,40.78773597,-73.95191358
125669,40.79184925,-73.95122052
40500,40.78787854,-73.95549238
93546,40.78780373,-73.95186362
93544,40.78768018,-73.95195471
125670,40.7918833,-73.95130098
93543,40.78762104,-73.95199832
125672,40.79207972,-73.95176512
125671,40.7919737,-73.95151459
110861,40.78874786,-73.95503591
110862,40.78866242,-73.95509827
71941,40.79504971,-73.94534111
91279,40.79081091,-73.95142736
120745,40.79183297,-73.95299252
110860,40.78889956,-73.9549252
120747,40.79191893,-73.9529299
74052,40.79442419,-73.94273765
40493,40.78752096,-73.95463755
125424,40.7963799,-73.94802564
74145,40.79493712,-73.94291143
74027,40.79652028,-73.94550246
72077,40.79187791,-73.94663104
72079,40.79176324,-73.94671493
74356,40.79650553,-73.94504165
114001,40.78649631,-73.95021428
114053,40.78581849,-73.95059675
110859,40.78898092,-73.95486581
72171,40.79158078,-73.94694742
125423,40.7963369,-73.94792362
71824,40.7940888,-73.95089997
110978,40.78811937,-73.95405059
114242,40.78734689,-73.94975777
93542,40.78749797,-73.95208907
71827,40.79387016,-73.95038638
71829,40.79378901,-73.95019575
125422,40.7962943,-73.94782255
114123,40.78472682,-73.94800498
72141,40.79178104,-73.94716265
71772,40.79489741,-73.94679261
72170,40.79161721,-73.94703398
71828,40.79383032,-73.9502928
114056,40.78567414,-73.95025116
114120,40.78499131,-73.94863124
110975,40.7882472,-73.95435909
114059,40.78558029,-73.95002647
114058,40.78561968,-73.95012078
110976,40.78821173,-73.95427349
110979,40.78806065,-73.95390886
110972,40.78838239,-73.95468536
114119,40.7850377,-73.94874108
114116,40.78515768,-73.94902517
114061,40.78544016,-73.94969101
114122,40.78486946,-73.94834273
114057,40.78564664,-73.95018534
114060,40.78546687,-73.94975494
114062,40.7853664,-73.94951442
74150,40.79512666,-73.94336285
110977,40.78817285,-73.95417963
114117,40.78511742,-73.94892985
114118,40.78507769,-73.94883578
114121,40.78494892,-73.94853086
125694,40.79194899,-73.95270798
114125,40.7846479,-73.94781812
125519,40.79535261,-73.94834938
71771,40.79493272,-73.94687752
125520,40.79541301,-73.94830577
71823,40.79412301,-73.95098032
114140,40.78534415,-73.94905791
71769,40.79499728,-73.94703277
71770,40.79496513,-73.94695546
40832,40.79130983,-73.95317189
93540,40.78743844,-73.95244777
71825,40.79402522,-73.95075062
71826,40.79391053,-73.95048122
110973,40.78835086,-73.95460926
74013,40.7934979,-73.94508954
114245,40.78763837,-73.94954386
125119,40.79454829,-73.95081486
136986,40.79186472,-73.93763594
136990,40.79199014,-73.93791386
136992,40.79204227,-73.93802937
125518,40.79530256,-73.94838551
125118,40.79445226,-73.95088489
125695,40.79190001,-73.95274292
114055,40.78572437,-73.95037142
114054,40.78577302,-73.95048788
113996,40.7862772,-73.94969529
93508,40.78854314,-73.9514313
136991,40.79201621,-73.93797162
125668,40.79181494,-73.95113943
114243,40.78744421,-73.94968635
125219,40.79731793,-73.94873672
136984,40.7918011,-73.93749496
125120,40.79469233,-73.95070983
72078,40.79181938,-73.94667386
114244,40.78754392,-73.94961317
136989,40.79195988,-73.93784678
136982,40.79172122,-73.93731796
114015,40.78544068,-73.94929993
136988,40.79192778,-73.93777567
114017,40.78553679,-73.94922863
114018,40.78559656,-73.94918429
114019,40.7856439,-73.94914917
114020,40.78569172,-73.9491137
71723,40.79343153,-73.9468882
114016,40.78548802,-73.94926481
72010,40.79600623,-73.94587834
93538,40.78759326,-73.95281876
136983,40.79177139,-73.93742913
114021,40.78574766,-73.94907219
72012,40.79585304,-73.94598996
72014,40.79571329,-73.94609178
72009,40.7960629,-73.94583705
120755,40.79252359,-73.95248947
120770,40.79384287,-73.95152848
120762,40.79312056,-73.95205463
120777,40.79444608,-73.95108907
120779,40.79457047,-73.95099846
120765,40.79330992,-73.95195591
120774,40.7941547,-73.95134054
120749,40.79204044,-73.9528414
120751,40.79216051,-73.95275394
120758,40.79269278,-73.95240545
120760,40.79295116,-73.95221724
120785,40.79506369,-73.95063917
120784,40.794999,-73.95072551
120764,40.7932387,-73.95196858
120794,40.79577496,-73.95012103
120746,40.79187633,-73.95300015
120763,40.79318265,-73.95204862
120797,40.79596624,-73.9500209
120750,40.7921131,-73.95282769
120757,40.79264029,-73.95240447
120775,40.79432841,-73.95117479
120766,40.79336165,-73.95187902
120756,40.79259241,-73.95247856
120781,40.79468477,-73.9509152
120792,40.79559692,-73.95028994
120752,40.79222981,-73.95274268
120769,40.79379691,-73.95160118
74071,40.7907213,-73.94685684
120796,40.79589358,-73.95003461
120761,40.79307315,-73.95212838
120795,40.79584666,-73.95010801
120753,40.79224167,-73.95269482
120776,40.79439627,-73.95116457
120799,40.79607382,-73.94994253
120801,40.79620205,-73.94984911
120754,40.79246946,-73.95256812
120772,40.79402791,-73.9514329
120786,40.79511522,-73.95064085
120789,40.7952899,-73.95047438
120788,40.79523865,-73.95055093
114226,40.78742338,-73.94877579
114228,40.78736191,-73.94862987
121643,40.79662962,-73.94922408
121647,40.79667893,-73.94899186
121646,40.79665191,-73.94904105
121650,40.79688737,-73.94893583
72194,40.79651471,-73.94858656
121645,40.79663539,-73.94909339
121648,40.79679304,-73.94891744
125155,40.79534367,-73.95023281
121644,40.79662357,-73.94916208
72189,40.7962948,-73.94807637
114222,40.78754474,-73.94906384
71880,40.79627641,-73.94743016
72196,40.79658458,-73.94874866
114232,40.78717056,-73.94817569
114293,40.78735236,-73.94835013
72180,40.79344982,-73.94891189
72179,40.79338943,-73.94876765
120778,40.79451634,-73.95107711
120780,40.79464073,-73.9509865
120793,40.79572323,-73.95019793
120800,40.79613323,-73.94986003
120787,40.79516743,-73.9505636
120768,40.79372521,-73.95161419
120771,40.79391457,-73.95151547
120791,40.79553002,-73.95029946
120783,40.79487653,-73.95081472
120790,40.7954759,-73.9503781
114220,40.7876118,-73.94922303
120782,40.79480771,-73.95082564
120798,40.7960098,-73.94994994
114230,40.78724002,-73.94834056
71728,40.79312244,-73.94615236
120767,40.79367924,-73.95168689
125217,40.7972231,-73.94881374
72081,40.79482654,-73.94677672
71798,40.79547062,-73.95002966
72191,40.79639284,-73.94830382
72085,40.794561,-73.9469703
71724,40.79328229,-73.94653292
114124,40.78468523,-73.9479065
71725,40.79324246,-73.9464381
114291,40.78741525,-73.94849915
121649,40.79684356,-73.94891901
125218,40.79727122,-73.94877466
110601,40.78817555,-73.95358472
110974,40.78831644,-73.95452619
72082,40.79475932,-73.94682573
72086,40.79449378,-73.9470193
72083,40.79469305,-73.94687404
125295,40.7971322,-73.94821408
125152,40.79507653,-73.95043296
125154,40.79528404,-73.95027749
121651,40.79692723,-73.94896512
125294,40.7971514,-73.94825995
72084,40.79462583,-73.94692304
125156,40.7954033,-73.95018813
150505,40.78765691,-73.94323022
114290,40.7874451,-73.94856987
74298,40.79100348,-73.94355718
74139,40.79098777,-73.94553977
74006,40.79454019,-73.94366403
40834,40.79120043,-73.95325189
74462,40.79100564,-73.94492602
114287,40.78757887,-73.94888685
150507,40.7875288,-73.94292686
150512,40.78734269,-73.9424862
72195,40.79654477,-73.9486563
74010,40.794332,-73.94317129
150500,40.78783181,-73.94364437
150503,40.78772383,-73.94338868
74009,40.79437548,-73.94327419
82852,40.78621775,-73.95055641
110602,40.7882856,-73.95350404
150499,40.78785848,-73.9437075
150506,40.78756266,-73.94300704
114294,40.78732012,-73.94827373
150509,40.78746347,-73.94277219
150511,40.78737562,-73.94256417
150515,40.7872335,-73.94222767
74005,40.79463835,-73.94389635
150513,40.78731043,-73.94240981
114283,40.78776434,-73.94932633
150498,40.78789047,-73.94378326
74007,40.79450658,-73.94358448
150501,40.78779849,-73.94356545
114289,40.78748027,-73.94865322
150514,40.78726723,-73.94230754
136985,40.79183249,-73.93756452
125121,40.79476675,-73.95065556
114285,40.78770039,-73.94917478
125298,40.79707306,-73.9480017
150508,40.78749627,-73.94284984
74252,40.78958089,-73.94389441
74008,40.79447351,-73.9435062
114292,40.78737875,-73.94841264
71792,40.79522149,-73.94943711
156437,40.78738747,-73.94787913
71796,40.7954103,-73.94988618
156438,40.7874427,-73.9478389
71793,40.7952761,-73.949567
71795,40.79534984,-73.94974239
150618,40.78746291,-73.94183345
150621,40.78764587,-73.94170014
114295,40.78729454,-73.94821311
156440,40.78760118,-73.94772346
71794,40.79530932,-73.949646
72190,40.79635953,-73.94822654
150616,40.7873467,-73.94191813
114296,40.78726176,-73.94813545
150615,40.78728067,-73.94196624
150617,40.7874048,-73.94187579
114286,40.78767614,-73.94911732
136987,40.79189555,-73.93770425
150620,40.78758825,-73.94174213
72011,40.79595004,-73.94591928
74326,40.79655691,-73.94480373
74004,40.7946797,-73.9439942
150516,40.78719844,-73.94214466
82853,40.78626651,-73.9505202
125292,40.79729171,-73.94852399
125300,40.79697095,-73.9477578
71797,40.79544311,-73.94996424
125297,40.79710934,-73.94808838
125302,40.79683149,-73.94742469
125299,40.79702975,-73.94789826
82854,40.78631528,-73.95048399
150510,40.78740948,-73.94264435
125293,40.79719808,-73.94830033
72182,40.79356716,-73.94919215
110600,40.78805015,-73.95367664
72181,40.79350677,-73.94904791
120802,40.79624753,-73.94977676
120805,40.79654015,-73.9496028
120803,40.79644122,-73.94967488
156383,40.78690293,-73.94721074
120804,40.79646556,-73.94961792
156390,40.78707483,-73.94761882
156471,40.78950086,-73.9478514
156470,40.7893955,-73.94760412
156382,40.78686102,-73.94711125
156388,40.78703145,-73.94751585
150619,40.78752054,-73.94179146
114288,40.78751305,-73.94873088
156439,40.78752674,-73.94777768
74324,40.79647385,-73.94460829
156623,40.78871245,-73.94766188
156622,40.78877788,-73.94781813
156624,40.78862636,-73.94745629
156625,40.78858901,-73.94736709
120748,40.79199544,-73.95291339
120759,40.79283254,-73.95230365
120773,40.79407196,-73.9513616
156627,40.78850847,-73.94717478
156620,40.7888796,-73.94806105
156386,40.78698888,-73.94741478
72193,40.79646217,-73.94846467
156385,40.78694604,-73.94731308
71726,40.79320263,-73.94634327
156621,40.78884066,-73.94796805
157095,40.78865996,-73.94949759
156626,40.78854927,-73.9472722
121652,40.79697026,-73.94901296
125153,40.79516478,-73.95036684
157096,40.78862006,-73.94940282
125426,40.79654834,-73.94835453
74051,40.79431337,-73.94281876
72187,40.79288931,-73.95173107
125301,40.79687917,-73.94753857
72188,40.79292831,-73.9518232
114223,40.78751121,-73.94898425
74014,40.79311443,-73.94418414
114231,40.78720542,-73.94825844
114221,40.78757801,-73.9491428
74325,40.79652074,-73.94471862
114219,40.7876448,-73.94930135
125215,40.79713046,-73.94891343
114224,40.78748114,-73.94891287
125521,40.79546474,-73.94826842
157097,40.78856553,-73.9492733
150614,40.78722304,-73.94200823
156387,40.78700937,-73.94746342
150504,40.78768997,-73.9433085
125427,40.79660594,-73.94856194
125296,40.79713967,-73.94816082
156617,40.7890241,-73.94840613
156618,40.78899099,-73.94832705
125425,40.79640652,-73.94808881
150502,40.78776436,-73.94348464
157093,40.78875838,-73.94973135
72013,40.7957882,-73.9460372
121619,40.79682978,-73.94970566
156619,40.78895801,-73.94824829
156384,40.78692502,-73.94726317
125696,40.79184089,-73.9527851
157092,40.78880493,-73.94984191
114284,40.78773529,-73.9492575
157089,40.78898049,-73.9502589
166707,40.78946564,-73.94972532
166711,40.78925175,-73.94921902
166710,40.78931869,-73.94937748
166708,40.78941683,-73.94960979
157090,40.78891665,-73.95010727
157094,40.78870385,-73.94960183
125216,40.79717639,-73.94885168
156381,40.78673896,-73.94689225
167242,40.78837107,-73.95075021
74015,40.7930372,-73.9440018
114227,40.78739198,-73.94870125
114229,40.78727515,-73.94842394
166706,40.78954472,-73.94991249
157091,40.78884616,-73.94993984
125697,40.79179167,-73.95282022
166813,40.78850586,-73.94891026
166817,40.78879279,-73.94869897
163840,40.78568222,-73.94854503
163845,40.78545423,-73.9480061
166814,40.78856549,-73.94886635
167245,40.78827145,-73.95051609
167243,40.78833809,-73.9506727
156204,40.78723821,-73.94763723
167246,40.78824477,-73.95045339
156370,40.78698489,-73.94817131
114225,40.78745133,-73.94884212
156211,40.7875164,-73.94743421
163841,40.78564538,-73.94845794
163847,40.78533329,-73.94772024
163848,40.78524599,-73.94751388
163846,40.7853736,-73.94781553
163842,40.78558771,-73.94832163
163843,40.78553993,-73.94820867
163839,40.78572013,-73.94863464
166744,40.7887704,-73.9488951
166743,40.78884096,-73.94884357
156205,40.78728045,-73.9476064
166745,40.78870657,-73.94894172
163624,40.78577826,-73.94828698
156209,40.78748728,-73.94749469
156208,40.78743719,-73.94749202
167247,40.78821098,-73.95037398
166714,40.78910959,-73.94888255
156203,40.78720173,-73.94766385
166712,40.78919574,-73.94908645
156207,40.7873623,-73.94754667
166713,40.78915813,-73.94899744
167253,40.78796037,-73.94978506
167251,40.78807689,-73.95005889
167249,40.78813777,-73.95020194
167254,40.78792766,-73.94970818
167252,40.78799376,-73.94986352
167248,40.78817075,-73.95027945
166715,40.78907705,-73.94880553
125674,40.79219655,-73.9520412
125676,40.79230578,-73.95229931
156389,40.78705354,-73.94756829
156210,40.78747655,-73.94746329
125675,40.79227226,-73.95222011
167250,40.78810398,-73.95012253
125673,40.79215022,-73.95193172
166709,40.78937149,-73.94950247
121620,40.79670439,-73.94965071
163844,40.78549374,-73.9480995
72185,40.79264038,-73.95114294
74011,40.79429759,-73.94308985
167244,40.78830497,-73.95059487
156492,40.78918822,-73.94841211
166816,40.78868812,-73.94877604
166815,40.78862681,-73.9488212
166818,40.78886848,-73.94864324
156490,40.78929773,-73.94833238
156379,40.78667031,-73.94672927
156491,40.78923625,-73.94837714
